DB,UT,DI,PMID,TI,SO,JI,PY,DT,LA,TC,AU,AF,C1,RP,CR,DE,ID,AB,VL,IS,BP,EP,SR,AU_UN,AU1_UN,SN,PU,OA,OI,EM,FU,FX,SC,WC
OpenAlex,https://openalex.org/W2150220236,10.1007/s11192-009-0146-3,20585380,"Software survey: VOSviewer, a computer program for bibliometric mapping",SCIENTOMETRICS,Scientometrics,2009,article,en,19438,"['Eck NJV', 'Waltman L']","['Nees Jan van Eck', 'Ludo Waltman']","['Erasmus University Rotterdam', 'Leiden University', 'Erasmus University Rotterdam', 'Leiden University']",,"['https://openalex.org/W204885769', 'https://openalex.org/W1585065401', 'https://openalex.org/W1704958401', 'https://openalex.org/W1734878544', 'https://openalex.org/W1749485691', 'https://openalex.org/W1947595544', 'https://openalex.org/W1975409653', 'https://openalex.org/W1995587687', 'https://openalex.org/W2002227306', 'https://openalex.org/W2008331969', 'https://openalex.org/W2012521459', 'https://openalex.org/W2043976122', 'https://openalex.org/W2045108252', 'https://openalex.org/W2059599755', 'https://openalex.org/W2072840758', 'https://openalex.org/W2075220720', 'https://openalex.org/W2079090652', 'https://openalex.org/W2095972207', 'https://openalex.org/W2096123611', 'https://openalex.org/W2100080715', 'https://openalex.org/W2100484636', 'https://openalex.org/W2101275184', 'https://openalex.org/W2105546352', 'https://openalex.org/W2106336702', 'https://openalex.org/W2118623738', 'https://openalex.org/W2123455699', 'https://openalex.org/W2129800764', 'https://openalex.org/W2138150506', 'https://openalex.org/W2145978555', 'https://openalex.org/W2148398225', 'https://openalex.org/W2167482691', 'https://openalex.org/W2491663862', 'https://openalex.org/W2492190951', 'https://openalex.org/W2495084345', 'https://openalex.org/W2571077957', 'https://openalex.org/W2949876241', 'https://openalex.org/W2951923752', 'https://openalex.org/W3122100588', 'https://openalex.org/W3125534699', 'https://openalex.org/W4205622916', 'https://openalex.org/W4233941003', 'https://openalex.org/W4234292554', 'https://openalex.org/W4237145399', 'https://openalex.org/W4238591974', 'https://openalex.org/W4256379048', 'https://openalex.org/W4291733759', 'https://openalex.org/W6634801741', 'https://openalex.org/W6723345642']","['Computer science', 'Construct (python library)', 'Bibliometrics', 'Citation', 'Software', 'Representation (politics)', 'Data science', 'World Wide Web']","['Computer science', 'Construct (python library)', 'Bibliometrics', 'Citation', 'Software', 'Representation (politics)', 'Data science', 'World Wide Web', 'Law', 'Political science', 'Politics', 'Programming language']","We present VOSviewer, a freely available computer program that we have developed for constructing and viewing bibliometric maps. Unlike most computer programs that are used for bibliometric mapping, VOSviewer pays special attention to the graphical representation of bibliometric maps. The functionality of VOSviewer is especially useful for displaying large bibliometric maps in an easy-to-interpret way. The paper consists of three parts. In the first part, an overview of VOSviewer's functionality for displaying bibliometric maps is provided. In the second part, the technical implementation of specific parts of the program is discussed. Finally, in the third part, VOSviewer's ability to handle large maps is demonstrated by using the program to construct and display a co-citation map of 5,000 major scientific journals.",84,2,523,538,"Eck NJV, 2009, Scientometrics",[],,,,hybrid,[],[],,,"['Computer science', 'Construct (python library)', 'Bibliometrics', 'Citation', 'Software', 'Representation (politics)', 'Data science', 'World Wide Web', 'Law', 'Political science', 'Politics', 'Programming language']",[]
OpenAlex,https://openalex.org/W3160856016,10.1016/j.jbusres.2021.04.070,,How to conduct a bibliometric analysis: An overview and guidelines,JOURNAL OF BUSINESS RESEARCH,Journal of Business Research,2021,article,en,11811,"['Donthu N', 'Kumar S', 'Mukherjee D', 'Pandey N', 'Lim WM']","['Naveen Donthu', 'Satish Kumar', 'Debmalya Mukherjee', 'Nitesh Pandey', 'Weng Marc Lim']","['Georgia State University', 'Malaviya National Institute of Technology Jaipur', 'Swinburne University of Technology Sarawak Campus', 'University of Akron', 'Malaviya National Institute of Technology Jaipur', 'Swinburne University of Technology', 'Swinburne University of Technology Sarawak Campus']",,"['https://openalex.org/W1021000864', 'https://openalex.org/W1500399834', 'https://openalex.org/W1708085422', 'https://openalex.org/W1965746216', 'https://openalex.org/W1970859146', 'https://openalex.org/W2025468035', 'https://openalex.org/W2026048037', 'https://openalex.org/W2039027543', 'https://openalex.org/W2047060174', 'https://openalex.org/W2059503205', 'https://openalex.org/W2060077986', 'https://openalex.org/W2063602140', 'https://openalex.org/W2069134922', 'https://openalex.org/W2071894795', 'https://openalex.org/W2073249039', 'https://openalex.org/W2086848096', 'https://openalex.org/W2088037265', 'https://openalex.org/W2092120460', 'https://openalex.org/W2096245798', 'https://openalex.org/W2101835965', 'https://openalex.org/W2113756781', 'https://openalex.org/W2134064007', 'https://openalex.org/W2135455887', 'https://openalex.org/W2141967394', 'https://openalex.org/W2150220236', 'https://openalex.org/W2164607255', 'https://openalex.org/W2167872491', 'https://openalex.org/W2275696275', 'https://openalex.org/W2277805675', 'https://openalex.org/W2342422269', 'https://openalex.org/W2583258349', 'https://openalex.org/W2605481522', 'https://openalex.org/W2755950973', 'https://openalex.org/W2761394648', 'https://openalex.org/W2769464792', 'https://openalex.org/W2788119423', 'https://openalex.org/W2794750682', 'https://openalex.org/W2885251002', 'https://openalex.org/W2888141929', 'https://openalex.org/W2893340480', 'https://openalex.org/W2924708206', 'https://openalex.org/W2949130492', 'https://openalex.org/W2964523010', 'https://openalex.org/W2973020765', 'https://openalex.org/W2990450011', 'https://openalex.org/W2990688366', 'https://openalex.org/W2999225196', 'https://openalex.org/W3012395081', 'https://openalex.org/W3020068464', 'https://openalex.org/W3033643763', 'https://openalex.org/W3038273726', 'https://openalex.org/W3040841600', 'https://openalex.org/W3041159098', 'https://openalex.org/W3046037449', 'https://openalex.org/W3081258743', 'https://openalex.org/W3089589649', 'https://openalex.org/W3096690806', 'https://openalex.org/W3104534219', 'https://openalex.org/W3111498440', 'https://openalex.org/W3112027575', 'https://openalex.org/W3117937810', 'https://openalex.org/W3120334667', 'https://openalex.org/W3122236068', 'https://openalex.org/W3125019846', 'https://openalex.org/W3125505924', 'https://openalex.org/W3125707221', 'https://openalex.org/W3134202427', 'https://openalex.org/W3134873865', 'https://openalex.org/W3145296828', 'https://openalex.org/W3153953735', 'https://openalex.org/W3160560894', 'https://openalex.org/W4250767237', 'https://openalex.org/W6695147765', 'https://openalex.org/W6767779838', 'https://openalex.org/W6772960899', 'https://openalex.org/W6786707445']","['Bibliometrics', 'Field (mathematics)', 'Data science', 'Resource (disambiguation)', 'Computer science', 'Management science', 'Focus (optics)', 'Library science', 'Engineering', 'Mathematics']","['Bibliometrics', 'Field (mathematics)', 'Data science', 'Resource (disambiguation)', 'Computer science', 'Management science', 'Focus (optics)', 'Library science', 'Engineering', 'Mathematics', 'Computer network', 'Physics', 'Optics', 'Pure mathematics']",,133,,285,296,"Donthu N, 2021, Journal of Business Research",[],,,,closed,[],[],,,"['Bibliometrics', 'Field (mathematics)', 'Data science', 'Resource (disambiguation)', 'Computer science', 'Management science', 'Focus (optics)', 'Library science', 'Engineering', 'Mathematics', 'Computer network', 'Physics', 'Optics', 'Pure mathematics']",[]
OpenAlex,https://openalex.org/W3125707221,10.1177/1094428114562629,,Bibliometric Methods in Management and Organization,ORGANIZATIONAL RESEARCH METHODS,Organizational Research Methods,2014,article,en,6520,"['Župič I', 'Čater T']","['Ivan Župič', 'Tomaž Čater']","['University of Ljubljana', 'University of Ljubljana']",,"['https://openalex.org/W58954717', 'https://openalex.org/W1498200204', 'https://openalex.org/W1504939813', 'https://openalex.org/W1533083527', 'https://openalex.org/W1537982310', 'https://openalex.org/W1548754865', 'https://openalex.org/W1562788212', 'https://openalex.org/W1579972629', 'https://openalex.org/W1833120343', 'https://openalex.org/W1909123760', 'https://openalex.org/W1910677699', 'https://openalex.org/W1955749066', 'https://openalex.org/W1965489099', 'https://openalex.org/W1966104031', 'https://openalex.org/W1966538856', 'https://openalex.org/W1968707237', 'https://openalex.org/W1970859146', 'https://openalex.org/W1974619358', 'https://openalex.org/W1976954600', 'https://openalex.org/W1977775666', 'https://openalex.org/W1980483554', 'https://openalex.org/W1981340255', 'https://openalex.org/W1981886524', 'https://openalex.org/W1983635535', 'https://openalex.org/W1986060595', 'https://openalex.org/W1989669128', 'https://openalex.org/W1990476851', 'https://openalex.org/W1992478940', 'https://openalex.org/W1993569066', 'https://openalex.org/W1995889545', 'https://openalex.org/W2002786581', 'https://openalex.org/W2005207065', 'https://openalex.org/W2005311637', 'https://openalex.org/W2005669495', 'https://openalex.org/W2008388219', 'https://openalex.org/W2009918649', 'https://openalex.org/W2011869836', 'https://openalex.org/W2013851245', 'https://openalex.org/W2015289818', 'https://openalex.org/W2017680781', 'https://openalex.org/W2018037649', 'https://openalex.org/W2020714635', 'https://openalex.org/W2020913499', 'https://openalex.org/W2022350928', 'https://openalex.org/W2022639491', 'https://openalex.org/W2025270607', 'https://openalex.org/W2030796475', 'https://openalex.org/W2031075407', 'https://openalex.org/W2032620895', 'https://openalex.org/W2033013796', 'https://openalex.org/W2036856250', 'https://openalex.org/W2037925493', 'https://openalex.org/W2038078580', 'https://openalex.org/W2039027543', 'https://openalex.org/W2042438801', 'https://openalex.org/W2043976122', 'https://openalex.org/W2044191302', 'https://openalex.org/W2045108252', 'https://openalex.org/W2045301937', 'https://openalex.org/W2046375499', 'https://openalex.org/W2046567031', 'https://openalex.org/W2046725475', 'https://openalex.org/W2047060174', 'https://openalex.org/W2051942606', 'https://openalex.org/W2052443584', 'https://openalex.org/W2053738997', 'https://openalex.org/W2056318798', 'https://openalex.org/W2058391311', 'https://openalex.org/W2059212462', 'https://openalex.org/W2059737250', 'https://openalex.org/W2060077986', 'https://openalex.org/W2060111466', 'https://openalex.org/W2061412583', 'https://openalex.org/W2061856577', 'https://openalex.org/W2063107273', 'https://openalex.org/W2068367148', 'https://openalex.org/W2070405287', 'https://openalex.org/W2071427061', 'https://openalex.org/W2072250519', 'https://openalex.org/W2072897447', 'https://openalex.org/W2079090652', 'https://openalex.org/W2079694334', 'https://openalex.org/W2081700446', 'https://openalex.org/W2084773904', 'https://openalex.org/W2085429409', 'https://openalex.org/W2088037265', 'https://openalex.org/W2088209891', 'https://openalex.org/W2096123611', 'https://openalex.org/W2096245798', 'https://openalex.org/W2096826541', 'https://openalex.org/W2096966791', 'https://openalex.org/W2097050247', 'https://openalex.org/W2099811601', 'https://openalex.org/W2099987767', 'https://openalex.org/W2100484636', 'https://openalex.org/W2105761393', 'https://openalex.org/W2108680868', 'https://openalex.org/W2108795964', 'https://openalex.org/W2111783790', 'https://openalex.org/W2121983971', 'https://openalex.org/W2123299382', 'https://openalex.org/W2127048411', 'https://openalex.org/W2129510979', 'https://openalex.org/W2129936978', 'https://openalex.org/W2131681506', 'https://openalex.org/W2132707124', 'https://openalex.org/W2135347099', 'https://openalex.org/W2135455887', 'https://openalex.org/W2135885100', 'https://openalex.org/W2137174507', 'https://openalex.org/W2137330192', 'https://openalex.org/W2138288944', 'https://openalex.org/W2138601714', 'https://openalex.org/W2143192685', 'https://openalex.org/W2144167988', 'https://openalex.org/W2145615980', 'https://openalex.org/W2146078492', 'https://openalex.org/W2146695321', 'https://openalex.org/W2146925683', 'https://openalex.org/W2149621859', 'https://openalex.org/W2155259494', 'https://openalex.org/W2161073469', 'https://openalex.org/W2164373338', 'https://openalex.org/W2167872491', 'https://openalex.org/W2168865631', 'https://openalex.org/W2170735419', 'https://openalex.org/W2170940670', 'https://openalex.org/W2171743495', 'https://openalex.org/W2171915060', 'https://openalex.org/W2174706414', 'https://openalex.org/W2332928533', 'https://openalex.org/W2902225836', 'https://openalex.org/W2951515884', 'https://openalex.org/W3099768174', 'https://openalex.org/W3102641634', 'https://openalex.org/W3122111986', 'https://openalex.org/W3122242987', 'https://openalex.org/W3124154077', 'https://openalex.org/W3125268427', 'https://openalex.org/W3125505924', 'https://openalex.org/W3125831591', 'https://openalex.org/W4231729317', 'https://openalex.org/W4238591974', 'https://openalex.org/W4241271818', 'https://openalex.org/W4243208282', 'https://openalex.org/W4243838916', 'https://openalex.org/W4255497883', 'https://openalex.org/W4299486612', 'https://openalex.org/W4300870773']","['Bibliographic coupling', 'Citation analysis', 'Citation', 'Objectivity (philosophy)', 'Bibliometrics', 'Workflow', 'Computer science', 'Co-citation', 'Data science', 'Field (mathematics)', 'Management science', 'Sociology', 'Knowledge management', 'Library science', 'Epistemology', 'Database', 'Engineering']","['Bibliographic coupling', 'Citation analysis', 'Citation', 'Objectivity (philosophy)', 'Bibliometrics', 'Workflow', 'Computer science', 'Co-citation', 'Data science', 'Field (mathematics)', 'Management science', 'Sociology', 'Knowledge management', 'Library science', 'Epistemology', 'Database', 'Engineering', 'Mathematics', 'Philosophy', 'Pure mathematics']","We aim to develop a meaningful single-source reference for management and organization scholars interested in using bibliometric methods for mapping research specialties. Such methods introduce a measure of objectivity into the evaluation of scientific literature and hold the potential to increase rigor and mitigate researcher bias in reviews of scientific literature by aggregating the opinions of multiple scholars working in the field. We introduce the bibliometric methods of citation analysis, co-citation analysis, bibliographical coupling, co-author analysis, and co-word analysis and present a workflow for conducting bibliometric studies with guidelines for researchers. We envision that bibliometric methods will complement meta-analysis and qualitative structured literature reviews as a method for reviewing and evaluating scientific literature. To demonstrate bibliometric methods, we performed a citation and co-citation analysis to map the intellectual structure of the Organizational Research Methods journal.",18,3,429,472,"Župič I, 2014, Organizational Research Methods",[],,,,closed,[],[],,,"['Bibliographic coupling', 'Citation analysis', 'Citation', 'Objectivity (philosophy)', 'Bibliometrics', 'Workflow', 'Computer science', 'Co-citation', 'Data science', 'Field (mathematics)', 'Management science', 'Sociology', 'Knowledge management', 'Library science', 'Epistemology', 'Database', 'Engineering', 'Mathematics', 'Philosophy', 'Pure mathematics']",[]
OpenAlex,https://openalex.org/W150292108,10.1007/978-3-319-10377-8_13,,Visualizing Bibliometric Networks,,,2014,book-chapter,en,3176,"['Eck NJV', 'Waltman L']","['Nees Jan van Eck', 'Ludo Waltman']","['Leiden University', 'Leiden University']",,"['https://openalex.org/W634834491', 'https://openalex.org/W637241713', 'https://openalex.org/W1542807197', 'https://openalex.org/W1586276670', 'https://openalex.org/W1637660785', 'https://openalex.org/W1947595544', 'https://openalex.org/W1966538856', 'https://openalex.org/W1970859146', 'https://openalex.org/W1973063963', 'https://openalex.org/W1975409653', 'https://openalex.org/W1976620775', 'https://openalex.org/W1984689597', 'https://openalex.org/W1986770435', 'https://openalex.org/W1989669128', 'https://openalex.org/W1995587687', 'https://openalex.org/W1996076164', 'https://openalex.org/W1998040366', 'https://openalex.org/W2000987239', 'https://openalex.org/W2002227306', 'https://openalex.org/W2005207065', 'https://openalex.org/W2005311637', 'https://openalex.org/W2017680781', 'https://openalex.org/W2036137014', 'https://openalex.org/W2043976122', 'https://openalex.org/W2045108252', 'https://openalex.org/W2072897447', 'https://openalex.org/W2075220720', 'https://openalex.org/W2076533762', 'https://openalex.org/W2079090652', 'https://openalex.org/W2082274191', 'https://openalex.org/W2089458547', 'https://openalex.org/W2090961555', 'https://openalex.org/W2095293504', 'https://openalex.org/W2095972207', 'https://openalex.org/W2100484636', 'https://openalex.org/W2106336702', 'https://openalex.org/W2108680868', 'https://openalex.org/W2125910575', 'https://openalex.org/W2126566678', 'https://openalex.org/W2130548493', 'https://openalex.org/W2136231993', 'https://openalex.org/W2138150506', 'https://openalex.org/W2143493069', 'https://openalex.org/W2148398225', 'https://openalex.org/W2148606255', 'https://openalex.org/W2150220236', 'https://openalex.org/W2152361179', 'https://openalex.org/W2155046806', 'https://openalex.org/W2160441315', 'https://openalex.org/W2163820799', 'https://openalex.org/W2167482691', 'https://openalex.org/W2402734741', 'https://openalex.org/W2487779721', 'https://openalex.org/W2495084345', 'https://openalex.org/W2951923752', 'https://openalex.org/W2953107155', 'https://openalex.org/W2963453445', 'https://openalex.org/W3122100588', 'https://openalex.org/W4205622916', 'https://openalex.org/W4214491305', 'https://openalex.org/W4238014149', 'https://openalex.org/W4238591974', 'https://openalex.org/W4243208282', 'https://openalex.org/W4255497883', 'https://openalex.org/W4256379048', 'https://openalex.org/W4291733759', 'https://openalex.org/W6685221449', 'https://openalex.org/W6722870305']","['Timeline', 'Computer science', 'Visualization', 'Graph drawing', 'Bibliometrics', 'Data science', 'Citation', 'Bibliographic coupling', 'Construct (python library)', 'Software', 'Information retrieval', 'Data mining', 'World Wide Web', 'Geography']","['Timeline', 'Computer science', 'Visualization', 'Graph drawing', 'Bibliometrics', 'Data science', 'Citation', 'Bibliographic coupling', 'Construct (python library)', 'Software', 'Information retrieval', 'Data mining', 'World Wide Web', 'Geography', 'Programming language', 'Archaeology']",,,,285,320,"Eck NJV, 2014",[],,,,closed,[],[],,,"['Timeline', 'Computer science', 'Visualization', 'Graph drawing', 'Bibliometrics', 'Data science', 'Citation', 'Bibliographic coupling', 'Construct (python library)', 'Software', 'Information retrieval', 'Data mining', 'World Wide Web', 'Geography', 'Programming language', 'Archaeology']",[]
OpenAlex,https://openalex.org/W1021000864,10.1007/s11192-015-1645-z,26594073,The bibliometric analysis of scholarly production: How great is the impact?,SCIENTOMETRICS,Scientometrics,2015,article,en,2961,"['Ellegaard O', 'Wallin JA']","['Ole Ellegaard', 'Johan Albert Wallin']","['University of Southern Denmark', 'University of Southern Denmark']",,"['https://openalex.org/W271661306', 'https://openalex.org/W612790945', 'https://openalex.org/W637241713', 'https://openalex.org/W1499780223', 'https://openalex.org/W1517593287', 'https://openalex.org/W1645648337', 'https://openalex.org/W1716592288', 'https://openalex.org/W1830517732', 'https://openalex.org/W1904963378', 'https://openalex.org/W1970589734', 'https://openalex.org/W1979067636', 'https://openalex.org/W1980757397', 'https://openalex.org/W1982564000', 'https://openalex.org/W1984066943', 'https://openalex.org/W1987341880', 'https://openalex.org/W1992377140', 'https://openalex.org/W1992546407', 'https://openalex.org/W1999995230', 'https://openalex.org/W2005311637', 'https://openalex.org/W2005818735', 'https://openalex.org/W2019096529', 'https://openalex.org/W2035328926', 'https://openalex.org/W2039027543', 'https://openalex.org/W2045214358', 'https://openalex.org/W2045788992', 'https://openalex.org/W2057283046', 'https://openalex.org/W2062679548', 'https://openalex.org/W2064428941', 'https://openalex.org/W2068452509', 'https://openalex.org/W2068844935', 'https://openalex.org/W2072897447', 'https://openalex.org/W2076268740', 'https://openalex.org/W2077009410', 'https://openalex.org/W2087253031', 'https://openalex.org/W2092391499', 'https://openalex.org/W2097462716', 'https://openalex.org/W2115584976', 'https://openalex.org/W2116487592', 'https://openalex.org/W2117679835', 'https://openalex.org/W2123455699', 'https://openalex.org/W2125910575', 'https://openalex.org/W2128438887', 'https://openalex.org/W2132100155', 'https://openalex.org/W2136149743', 'https://openalex.org/W2137224556', 'https://openalex.org/W2153511600', 'https://openalex.org/W2166369082', 'https://openalex.org/W2166739915', 'https://openalex.org/W2167418441', 'https://openalex.org/W2168840105', 'https://openalex.org/W2489665018', 'https://openalex.org/W2566617671', 'https://openalex.org/W2953107155', 'https://openalex.org/W3102109132', 'https://openalex.org/W4297835285']","['Bibliometrics', 'Production (economics)', 'Knowledge production', 'Regional science', 'Citation analysis', 'Computer science', 'Sociology', 'Library science', 'Knowledge management', 'Economics', 'Citation']","['Bibliometrics', 'Production (economics)', 'Knowledge production', 'Regional science', 'Citation analysis', 'Computer science', 'Sociology', 'Library science', 'Knowledge management', 'Economics', 'Citation', 'Macroeconomics']","Bibliometric methods or ""analysis"" are now firmly established as scientific specialties and are an integral part of research evaluation methodology especially within the scientific and applied fields. The methods are used increasingly when studying various aspects of science and also in the way institutions and universities are ranked worldwide. A sufficient number of studies have been completed, and with the resulting literature, it is now possible to analyse the bibliometric method by using its own methodology. The bibliometric literature in this study, which was extracted from Web of Science, is divided into two parts using a method comparable to the method of Jonkers et al. (Characteristics of bibliometrics articles in library and information sciences (LIS) and other journals, pp. 449-551, 2012: The publications either lie within the Information and Library Science (ILS) category or within the non-ILS category which includes more applied, ""subject"" based studies. The impact in the different groupings is judged by means of citation analysis using normalized data and an almost linear increase can be observed from 1994 onwards in the non-ILS category. The implication for the dissemination and use of the bibliometric methods in the different contexts is discussed. A keyword analysis identifies the most popular subjects covered by bibliometric analysis, and multidisciplinary articles are shown to have the highest impact. A noticeable shift is observed in those countries which contribute to the pool of bibliometric analysis, as well as a self-perpetuating effect in giving and taking references.",105,3,1809,1831,"Ellegaard O, 2015, Scientometrics",[],,,,hybrid,[],[],,,"['Bibliometrics', 'Production (economics)', 'Knowledge production', 'Regional science', 'Citation analysis', 'Computer science', 'Sociology', 'Library science', 'Knowledge management', 'Economics', 'Citation', 'Macroeconomics']",[]
OpenAlex,https://openalex.org/W2275696275,,,Statistical bibliography or bibliometrics,JOURNAL OF DOCUMENTATION,Journal of Documentation,1969,article,en,3181,['Pritchard AE'],['Angela E. Pritchard'],[],,[],"['Bibliometrics', 'Bibliography', 'Library science', 'Information retrieval', 'Computer science']","['Bibliometrics', 'Bibliography', 'Library science', 'Information retrieval', 'Computer science']",,25,,348,,"Pritchard AE, 1969, Journal of Documentation",[],,,,closed,[],[],,,"['Bibliometrics', 'Bibliography', 'Library science', 'Information retrieval', 'Computer science']",[]
OpenAlex,https://openalex.org/W2068452509,10.1038/520429a,,Bibliometrics: The Leiden Manifesto for research metrics,NATURE,Nature,2015,article,en,2588,"['Hicks D', 'Wouters P', 'Waltman L', 'Rijcke SD', 'Ràfols I']","['Diana Hicks', 'Paul Wouters', 'Ludo Waltman', 'Sarah de Rijcke', 'Ismael Ràfols']","['Georgia Institute of Technology', 'Leiden University', 'Leiden University', 'Leiden University', 'Universitat Politècnica de València', 'Consejo Superior de Investigaciones Científicas']",,"['https://openalex.org/W596883077', 'https://openalex.org/W2017765427', 'https://openalex.org/W2042852414', 'https://openalex.org/W2080870854', 'https://openalex.org/W2095271263', 'https://openalex.org/W2128438887', 'https://openalex.org/W2132631086', 'https://openalex.org/W2140283616', 'https://openalex.org/W2153511600', 'https://openalex.org/W2158237825', 'https://openalex.org/W2533043833']","['Manifesto', 'Bibliometrics', 'Library science', 'Computer science', 'Political science', 'Law']","['Manifesto', 'Bibliometrics', 'Library science', 'Computer science', 'Political science', 'Law']",,520,7548,429,431,"Hicks D, 2015, Nature",[],,,,bronze,[],[],,,"['Manifesto', 'Bibliometrics', 'Library science', 'Computer science', 'Political science', 'Law']",[]
OpenAlex,https://openalex.org/W2069134922,10.1007/bf02016680,,Toward a definition of “bibliometrics”,SCIENTOMETRICS,Scientometrics,1987,article,en,1571,['Broadus RN'],['Robert N. Broadus'],['University of North Carolina at Chapel Hill'],,"['https://openalex.org/W115589318', 'https://openalex.org/W202960689', 'https://openalex.org/W244127999', 'https://openalex.org/W248849096', 'https://openalex.org/W330281477', 'https://openalex.org/W653245328', 'https://openalex.org/W1521517187', 'https://openalex.org/W1543126387', 'https://openalex.org/W1561180071', 'https://openalex.org/W1967484766', 'https://openalex.org/W1983473310', 'https://openalex.org/W1993796432', 'https://openalex.org/W2036390847', 'https://openalex.org/W2038189084', 'https://openalex.org/W2040610317', 'https://openalex.org/W2069818529', 'https://openalex.org/W2085912276', 'https://openalex.org/W2093679926', 'https://openalex.org/W2121291105', 'https://openalex.org/W2133910986', 'https://openalex.org/W2145595412', 'https://openalex.org/W2275696275', 'https://openalex.org/W2329512751', 'https://openalex.org/W2330114716', 'https://openalex.org/W2333698347', 'https://openalex.org/W2483799599', 'https://openalex.org/W4243784543', 'https://openalex.org/W6602791579']","['Bibliometrics', ""Zipf's law"", 'Term (time)', 'Informetrics', 'Computer science', 'Information retrieval', 'Scientometrics', 'Data science', 'Epistemology', 'Sociology', 'Social science', 'Library science', 'Mathematics', 'Philosophy', 'Statistics']","['Bibliometrics', ""Zipf's law"", 'Term (time)', 'Informetrics', 'Computer science', 'Information retrieval', 'Scientometrics', 'Data science', 'Epistemology', 'Sociology', 'Social science', 'Library science', 'Mathematics', 'Philosophy', 'Statistics', 'Quantum mechanics', 'Physics']",,12,5-6,373,379,"Broadus RN, 1987, Scientometrics",[],,,,closed,[],[],,,"['Bibliometrics', ""Zipf's law"", 'Term (time)', 'Informetrics', 'Computer science', 'Information retrieval', 'Scientometrics', 'Data science', 'Epistemology', 'Sociology', 'Social science', 'Library science', 'Mathematics', 'Philosophy', 'Statistics', 'Quantum mechanics', 'Physics']",[]
OpenAlex,https://openalex.org/W1965746216,10.1016/j.ijpe.2015.01.003,,Green supply chain management: A review and bibliometric analysis,INTERNATIONAL JOURNAL OF PRODUCTION ECONOMICS,International Journal of Production Economics,2015,review,en,2048,"['Fahimnia B', 'Sarkis J', 'Davarzani H']","['Behnam Fahimnia', 'Joseph Sarkis', 'Hoda Davarzani']","['The University of Sydney', 'Worcester Polytechnic Institute', 'The University of Sydney']",,"['https://openalex.org/W58954717', 'https://openalex.org/W1505999675', 'https://openalex.org/W1510280529', 'https://openalex.org/W1539510218', 'https://openalex.org/W1584550216', 'https://openalex.org/W1596411082', 'https://openalex.org/W1603746823', 'https://openalex.org/W1837097948', 'https://openalex.org/W1968492666', 'https://openalex.org/W1970593684', 'https://openalex.org/W1971676311', 'https://openalex.org/W1971990560', 'https://openalex.org/W1975509829', 'https://openalex.org/W1977041303', 'https://openalex.org/W1980137968', 'https://openalex.org/W1981944898', 'https://openalex.org/W1982055279', 'https://openalex.org/W1984625685', 'https://openalex.org/W1985401735', 'https://openalex.org/W1990457952', 'https://openalex.org/W1994280428', 'https://openalex.org/W1995265853', 'https://openalex.org/W1997311678', 'https://openalex.org/W1997383668', 'https://openalex.org/W2003074920', 'https://openalex.org/W2003510080', 'https://openalex.org/W2003524033', 'https://openalex.org/W2004605055', 'https://openalex.org/W2006852464', 'https://openalex.org/W2007775825', 'https://openalex.org/W2008393156', 'https://openalex.org/W2010453165', 'https://openalex.org/W2015333338', 'https://openalex.org/W2017051349', 'https://openalex.org/W2018021847', 'https://openalex.org/W2020360355', 'https://openalex.org/W2022692613', 'https://openalex.org/W2026816730', 'https://openalex.org/W2029157403', 'https://openalex.org/W2033494546', 'https://openalex.org/W2034845343', 'https://openalex.org/W2035881157', 'https://openalex.org/W2035986101', 'https://openalex.org/W2037811982', 'https://openalex.org/W2038920443', 'https://openalex.org/W2039042958', 'https://openalex.org/W2039466733', 'https://openalex.org/W2039810046', 'https://openalex.org/W2041632134', 'https://openalex.org/W2047940964', 'https://openalex.org/W2049447498', 'https://openalex.org/W2056714131', 'https://openalex.org/W2057954853', 'https://openalex.org/W2059503205', 'https://openalex.org/W2059978723', 'https://openalex.org/W2061520898', 'https://openalex.org/W2061936639', 'https://openalex.org/W2066158320', 'https://openalex.org/W2066636486', 'https://openalex.org/W2066721182', 'https://openalex.org/W2067189600', 'https://openalex.org/W2068346362', 'https://openalex.org/W2070083971', 'https://openalex.org/W2071630516', 'https://openalex.org/W2075467772', 'https://openalex.org/W2079663823', 'https://openalex.org/W2079913001', 'https://openalex.org/W2081089147', 'https://openalex.org/W2082695029', 'https://openalex.org/W2085287108', 'https://openalex.org/W2089560544', 'https://openalex.org/W2089575937', 'https://openalex.org/W2090838176', 'https://openalex.org/W2095442792', 'https://openalex.org/W2095727324', 'https://openalex.org/W2096317677', 'https://openalex.org/W2097048331', 'https://openalex.org/W2107505958', 'https://openalex.org/W2108584774', 'https://openalex.org/W2116859162', 'https://openalex.org/W2118622732', 'https://openalex.org/W2125910575', 'https://openalex.org/W2127202982', 'https://openalex.org/W2129968864', 'https://openalex.org/W2131681506', 'https://openalex.org/W2137188664', 'https://openalex.org/W2137559805', 'https://openalex.org/W2152441319', 'https://openalex.org/W2153093378', 'https://openalex.org/W2155398595', 'https://openalex.org/W2160444496', 'https://openalex.org/W2163692899', 'https://openalex.org/W2165215784', 'https://openalex.org/W2261304879', 'https://openalex.org/W2309584104', 'https://openalex.org/W2319794630', 'https://openalex.org/W2324019261', 'https://openalex.org/W2794339023', 'https://openalex.org/W2949130492', 'https://openalex.org/W2963978788', 'https://openalex.org/W3099768174', 'https://openalex.org/W3125412587', 'https://openalex.org/W3125505924', 'https://openalex.org/W3126768004', 'https://openalex.org/W4248443350', 'https://openalex.org/W4285719527', 'https://openalex.org/W4302335834', 'https://openalex.org/W6602386277', 'https://openalex.org/W6643216692', 'https://openalex.org/W6695650940']","['Field (mathematics)', 'Supply chain management', 'Identification (biology)', 'Bibliometrics', 'Computer science', 'Supply chain', 'Management science', 'Data science', 'Systematic review', 'Data mining', 'Business', 'Engineering', 'Political science', 'MEDLINE', 'Marketing']","['Field (mathematics)', 'Supply chain management', 'Identification (biology)', 'Bibliometrics', 'Computer science', 'Supply chain', 'Management science', 'Data science', 'Systematic review', 'Data mining', 'Business', 'Engineering', 'Political science', 'MEDLINE', 'Marketing', 'Law', 'Mathematics', 'Biology', 'Pure mathematics', 'Botany']",,162,,101,114,"Fahimnia B, 2015, International Journal of Production Economics",[],,,,closed,[],[],,,"['Field (mathematics)', 'Supply chain management', 'Identification (biology)', 'Bibliometrics', 'Computer science', 'Supply chain', 'Management science', 'Data science', 'Systematic review', 'Data mining', 'Business', 'Engineering', 'Political science', 'MEDLINE', 'Marketing', 'Law', 'Mathematics', 'Biology', 'Pure mathematics', 'Botany']",[]
OpenAlex,https://openalex.org/W2080450835,10.1002/asi.4630270505,,A general theory of bibliometric and other cumulative advantage processes,JOURNAL OF THE AMERICAN SOCIETY FOR INFORMATION SCIENCE,Journal of the American Society for Information Science,1976,article,en,2057,['Price DDS'],['Derek de Solla Price'],['Yale University'],,"['https://openalex.org/W1546171873', 'https://openalex.org/W1968068795', 'https://openalex.org/W1978174197', 'https://openalex.org/W1996388783', 'https://openalex.org/W2006074841', 'https://openalex.org/W2011922430', 'https://openalex.org/W2014024045', 'https://openalex.org/W2014143342', 'https://openalex.org/W2016166618', 'https://openalex.org/W2018805474', 'https://openalex.org/W2020750402', 'https://openalex.org/W2040610317', 'https://openalex.org/W2041128263', 'https://openalex.org/W2067666666', 'https://openalex.org/W2071321625', 'https://openalex.org/W2080664108', 'https://openalex.org/W2083307850', 'https://openalex.org/W2088209891', 'https://openalex.org/W2135869163', 'https://openalex.org/W2150569271', 'https://openalex.org/W2167651468', 'https://openalex.org/W2263367811', 'https://openalex.org/W2323052220', 'https://openalex.org/W2328028592', 'https://openalex.org/W2335461596', 'https://openalex.org/W2463095032', 'https://openalex.org/W2751862591', 'https://openalex.org/W4206405390', 'https://openalex.org/W4238243588', 'https://openalex.org/W4256428305', 'https://openalex.org/W4301441647', 'https://openalex.org/W7073654589']","['Mathematics', ""Zipf's law"", 'Cumulative distribution function', 'Negative binomial distribution', 'Empirical distribution function', 'Econometrics', 'Statistical physics', 'Event (particle physics)', 'Applied mathematics', 'Mathematical economics', 'Statistics', 'Probability density function', 'Physics']","['Mathematics', ""Zipf's law"", 'Cumulative distribution function', 'Negative binomial distribution', 'Empirical distribution function', 'Econometrics', 'Statistical physics', 'Event (particle physics)', 'Applied mathematics', 'Mathematical economics', 'Statistics', 'Probability density function', 'Physics', 'Quantum mechanics', 'Poisson distribution']","Abstract A Cumulative Advantage Distribution is proposed which models statistically the situation in which success breeds success. It differs from the Negative Binomial Distribution in that lack of success, being a non‐event, is not punished by increased chance of failure. It is shown that such a stochastic law is governed by the Beta Function, containing only one free parameter, and this is approximated by a skew or hyperbolic distribution of the type that is widespread in bibliometrics and diverse social science phenomena. In particular, this is shown to be an appropriate underlying probabilistic theory for the Bradford Law, the Lotka Law, the Pareto and Zipf Distributions, and for all the empirical results of citation frequency analysis. As side results one may derive also the obsolescence factor for literature use. The Beta Function is peculiarly elegant for these manifold purposes because it yields both the actual and the cumulative distributions in simple form, and contains a limiting case of an inverse square law to which many empirical distributions conform.",27,5,292,306,"Price DDS, 1976, Journal of the American Society for Information Science",[],,,,closed,[],[],,,"['Mathematics', ""Zipf's law"", 'Cumulative distribution function', 'Negative binomial distribution', 'Empirical distribution function', 'Econometrics', 'Statistical physics', 'Event (particle physics)', 'Applied mathematics', 'Mathematical economics', 'Statistics', 'Probability density function', 'Physics', 'Quantum mechanics', 'Poisson distribution']",[]
OpenAlex,https://openalex.org/W2050990045,10.1038/504211a,24350369,Bibliometrics: Global gender disparities in science,NATURE,Nature,2013,article,en,1477,"['Larivière V', 'Ni C', 'Gingras Y', 'Cronin B', 'Sugimoto CR']","['Vincent Larivière', 'Chaoqun Ni', 'Yves Gingras', 'Blaise Cronin', 'Cassidy R. Sugimoto']","['Université de Montréal', 'Indiana University Bloomington', 'Université du Québec à Montréal', 'Indiana University Bloomington', 'Indiana University Bloomington']",,"['https://openalex.org/W1577520517', 'https://openalex.org/W2000716096', 'https://openalex.org/W2064854140', 'https://openalex.org/W2066520537', 'https://openalex.org/W2075054625', 'https://openalex.org/W2094827585', 'https://openalex.org/W2135968010', 'https://openalex.org/W2170508806']","['Bibliometrics', 'Library science', 'Computer science']","['Bibliometrics', 'Library science', 'Computer science']",,504,7479,211,213,"Larivière V, 2013, Nature",[],,,,bronze,[],[],,,"['Bibliometrics', 'Library science', 'Computer science']",[]
OpenAlex,https://openalex.org/W2069613886,10.1002/aris.1440360102,,Scholarly communication and bibliometrics,ANNUAL REVIEW OF INFORMATION SCIENCE AND TECHNOLOGY,Annual Review of Information Science and Technology,2002,article,en,1122,"['Borgman CL', 'Furner J']","['Christine L. Borgman', 'Jonathan Furner']","['University of California, Los Angeles', 'University of California, Los Angeles']",,"['https://openalex.org/W43327620', 'https://openalex.org/W64884043', 'https://openalex.org/W82261704', 'https://openalex.org/W137551043', 'https://openalex.org/W179501055', 'https://openalex.org/W192816456', 'https://openalex.org/W212287107', 'https://openalex.org/W244360678', 'https://openalex.org/W271661306', 'https://openalex.org/W282661172', 'https://openalex.org/W321116416', 'https://openalex.org/W405656131', 'https://openalex.org/W406100599', 'https://openalex.org/W421174974', 'https://openalex.org/W604081263', 'https://openalex.org/W607696910', 'https://openalex.org/W640638067', 'https://openalex.org/W649449978', 'https://openalex.org/W1485578274', 'https://openalex.org/W1486029379', 'https://openalex.org/W1493134792', 'https://openalex.org/W1500746836', 'https://openalex.org/W1513301010', 'https://openalex.org/W1526610032', 'https://openalex.org/W1550436572', 'https://openalex.org/W1554146161', 'https://openalex.org/W1557001749', 'https://openalex.org/W1573579329', 'https://openalex.org/W1640247171', 'https://openalex.org/W1645648337', 'https://openalex.org/W1647387714', 'https://openalex.org/W1724341304', 'https://openalex.org/W1918667555', 'https://openalex.org/W1929825480', 'https://openalex.org/W1932825286', 'https://openalex.org/W1963522403', 'https://openalex.org/W1965663169', 'https://openalex.org/W1965664017', 'https://openalex.org/W1966036564', 'https://openalex.org/W1967717474', 'https://openalex.org/W1969586287', 'https://openalex.org/W1969666528', 'https://openalex.org/W1972922514', 'https://openalex.org/W1973816953', 'https://openalex.org/W1974087593', 'https://openalex.org/W1976546141', 'https://openalex.org/W1977001629', 'https://openalex.org/W1977658425', 'https://openalex.org/W1978783965', 'https://openalex.org/W1978984424', 'https://openalex.org/W1979183048', 'https://openalex.org/W1980611348', 'https://openalex.org/W1981678650', 'https://openalex.org/W1981699980', 'https://openalex.org/W1983706437', 'https://openalex.org/W1983948152', 'https://openalex.org/W1984066943', 'https://openalex.org/W1986322041', 'https://openalex.org/W1986551362', 'https://openalex.org/W1987334994', 'https://openalex.org/W1990311154', 'https://openalex.org/W1990350450', 'https://openalex.org/W1991217140', 'https://openalex.org/W1991962104', 'https://openalex.org/W1995022795', 'https://openalex.org/W1996025826', 'https://openalex.org/W1997960160', 'https://openalex.org/W1999142987', 'https://openalex.org/W1999872718', 'https://openalex.org/W2001450038', 'https://openalex.org/W2001826921', 'https://openalex.org/W2003265506', 'https://openalex.org/W2004073580', 'https://openalex.org/W2005232956', 'https://openalex.org/W2007350606', 'https://openalex.org/W2007398982', 'https://openalex.org/W2007622462', 'https://openalex.org/W2008388219', 'https://openalex.org/W2008620264', 'https://openalex.org/W2009117424', 'https://openalex.org/W2009405785', 'https://openalex.org/W2010182968', 'https://openalex.org/W2011111873', 'https://openalex.org/W2011349533', 'https://openalex.org/W2011453004', 'https://openalex.org/W2013958081', 'https://openalex.org/W2014147337', 'https://openalex.org/W2014537588', 'https://openalex.org/W2014832206', 'https://openalex.org/W2015415650', 'https://openalex.org/W2016125338', 'https://openalex.org/W2016772587', 'https://openalex.org/W2017078593', 'https://openalex.org/W2018544547', 'https://openalex.org/W2019290334', 'https://openalex.org/W2019414926', 'https://openalex.org/W2019443264', 'https://openalex.org/W2023754051', 'https://openalex.org/W2027880518', 'https://openalex.org/W2029752129', 'https://openalex.org/W2030169654', 'https://openalex.org/W2030287307', 'https://openalex.org/W2031061760', 'https://openalex.org/W2031728078', 'https://openalex.org/W2033440618', 'https://openalex.org/W2033614115', 'https://openalex.org/W2034086517', 'https://openalex.org/W2037652301', 'https://openalex.org/W2038231329', 'https://openalex.org/W2038233484', 'https://openalex.org/W2038931347', 'https://openalex.org/W2042431200', 'https://openalex.org/W2043362161', 'https://openalex.org/W2043844098', 'https://openalex.org/W2044249207', 'https://openalex.org/W2045363540', 'https://openalex.org/W2045403673', 'https://openalex.org/W2046803856', 'https://openalex.org/W2051416754', 'https://openalex.org/W2053757624', 'https://openalex.org/W2054650225', 'https://openalex.org/W2058730894', 'https://openalex.org/W2059048044', 'https://openalex.org/W2059297161', 'https://openalex.org/W2060611583', 'https://openalex.org/W2060904856', 'https://openalex.org/W2061312249', 'https://openalex.org/W2062064138', 'https://openalex.org/W2064925101', 'https://openalex.org/W2065482951', 'https://openalex.org/W2066570480', 'https://openalex.org/W2066636486', 'https://openalex.org/W2067684455', 'https://openalex.org/W2067977002', 'https://openalex.org/W2069613886', 'https://openalex.org/W2070942094', 'https://openalex.org/W2071006580', 'https://openalex.org/W2071062091', 'https://openalex.org/W2071158498', 'https://openalex.org/W2072897447', 'https://openalex.org/W2075744203', 'https://openalex.org/W2075873247', 'https://openalex.org/W2076644997', 'https://openalex.org/W2076872364', 'https://openalex.org/W2077217220', 'https://openalex.org/W2077825289', 'https://openalex.org/W2078419833', 'https://openalex.org/W2080548714', 'https://openalex.org/W2082380540', 'https://openalex.org/W2082386134', 'https://openalex.org/W2082589987', 'https://openalex.org/W2082751088', 'https://openalex.org/W2091394168', 'https://openalex.org/W2093626596', 'https://openalex.org/W2093749800', 'https://openalex.org/W2094913712', 'https://openalex.org/W2095523409', 'https://openalex.org/W2100061670', 'https://openalex.org/W2100386417', 'https://openalex.org/W2101735752', 'https://openalex.org/W2105326496', 'https://openalex.org/W2107680813', 'https://openalex.org/W2111899159', 'https://openalex.org/W2112090702', 'https://openalex.org/W2112140746', 'https://openalex.org/W2113190934', 'https://openalex.org/W2114905897', 'https://openalex.org/W2117290474', 'https://openalex.org/W2117874942', 'https://openalex.org/W2122894435', 'https://openalex.org/W2129620481', 'https://openalex.org/W2131837970', 'https://openalex.org/W2137786481', 'https://openalex.org/W2138621811', 'https://openalex.org/W2141062075', 'https://openalex.org/W2143717736', 'https://openalex.org/W2146715254', 'https://openalex.org/W2147164982', 'https://openalex.org/W2150499457', 'https://openalex.org/W2152900419', 'https://openalex.org/W2153648813', 'https://openalex.org/W2154498027', 'https://openalex.org/W2156697375', 'https://openalex.org/W2161564750', 'https://openalex.org/W2163766118', 'https://openalex.org/W2166707280', 'https://openalex.org/W2168160236', 'https://openalex.org/W2171789734', 'https://openalex.org/W2175110005', 'https://openalex.org/W2315398036', 'https://openalex.org/W2315404267', 'https://openalex.org/W2315894413', 'https://openalex.org/W2325692488', 'https://openalex.org/W2326444738', 'https://openalex.org/W2329038631', 'https://openalex.org/W2411263438', 'https://openalex.org/W2506969691', 'https://openalex.org/W2513379470', 'https://openalex.org/W2525960925', 'https://openalex.org/W2597849248', 'https://openalex.org/W2627060030', 'https://openalex.org/W2769133055', 'https://openalex.org/W2793168771', 'https://openalex.org/W2799349239', 'https://openalex.org/W2937683497', 'https://openalex.org/W3124934398', 'https://openalex.org/W3133149050', 'https://openalex.org/W3145757475', 'https://openalex.org/W3192988845', 'https://openalex.org/W4230875701', 'https://openalex.org/W4232665537', 'https://openalex.org/W4234858040', 'https://openalex.org/W4237045180', 'https://openalex.org/W4240151915', 'https://openalex.org/W4242237596', 'https://openalex.org/W4244276741', 'https://openalex.org/W4249946217', 'https://openalex.org/W4251121519', 'https://openalex.org/W4252391715', 'https://openalex.org/W4256681118', 'https://openalex.org/W4285719527', 'https://openalex.org/W4292887282', 'https://openalex.org/W4299725134', 'https://openalex.org/W4302515067', 'https://openalex.org/W6602632570', 'https://openalex.org/W6633001803', 'https://openalex.org/W6633248255', 'https://openalex.org/W6634264458', 'https://openalex.org/W6637585901', 'https://openalex.org/W6680984283', 'https://openalex.org/W6739742234']","['Bibliometrics', 'Scholarly communication', 'Citation', 'Library science', 'Sociology', 'Computer science', 'Publishing', 'Political science', 'Law']","['Bibliometrics', 'Scholarly communication', 'Citation', 'Library science', 'Sociology', 'Computer science', 'Publishing', 'Political science', 'Law']","Why devote an ARIST chapter to scholarly communication and bibliometrics, and why now? Bibliometrics already is a frequently covered ARIST topic, with chapters such as that by White and McCain (1989) on bibliometrics generally, White and McCain (1997) on visualization of literatures, Wilson and Hood (2001) on informetric laws, and Tabah (2001) on literature dynamics. Similarly, scholarly communication has been addressed in other ARIST chapters such as Bishop and Star (1996) on social informatics and digital libraries, Schamber (1994) on relevance and information behavior, and many earlier chapters on information needs and uses. More than a decade ago, the first author addressed the intersection of scholarly communication and bibliometrics with a journal special issue and an edited book (Borgman, 1990; Borgman &amp;amp; Paisley, 1989), and she recently examined interim developments (Borgman, 2000a, 2000c). This review covers the decade (1990–2000) since the comprehensive 1990 volume, citing earlier works only when necessary to explain the foundation for recent developments.",36,1,2,72,"Borgman CL, 2002, Annual Review of Information Science and Technology",[],,,,closed,[],[],,,"['Bibliometrics', 'Scholarly communication', 'Citation', 'Library science', 'Sociology', 'Computer science', 'Publishing', 'Political science', 'Law']",[]
OpenAlex,https://openalex.org/W2979085846,10.1177/0312896219877678,,Conducting systematic literature reviews and bibliometric analyses,AUSTRALIAN JOURNAL OF MANAGEMENT,Australian Journal of Management,2019,article,en,1512,"['Linnenluecke MK', 'Marrone M', 'Singh AK']","['Martina K. Linnenluecke', 'Mauricio Marrone', 'Abhay Kumar Singh']","['Macquarie University', 'Macquarie University', 'Macquarie University']",,"['https://openalex.org/W1497199863', 'https://openalex.org/W1517876957', 'https://openalex.org/W1521478692', 'https://openalex.org/W1541048963', 'https://openalex.org/W1708943504', 'https://openalex.org/W1923926731', 'https://openalex.org/W1924448330', 'https://openalex.org/W1944880319', 'https://openalex.org/W1950382026', 'https://openalex.org/W1976620775', 'https://openalex.org/W1976829395', 'https://openalex.org/W2005501262', 'https://openalex.org/W2015974377', 'https://openalex.org/W2029645658', 'https://openalex.org/W2045108252', 'https://openalex.org/W2053503388', 'https://openalex.org/W2054505295', 'https://openalex.org/W2073480450', 'https://openalex.org/W2085145285', 'https://openalex.org/W2090054320', 'https://openalex.org/W2097941232', 'https://openalex.org/W2107611582', 'https://openalex.org/W2107653025', 'https://openalex.org/W2111628838', 'https://openalex.org/W2116617781', 'https://openalex.org/W2123142779', 'https://openalex.org/W2148230070', 'https://openalex.org/W2150822694', 'https://openalex.org/W2156098321', 'https://openalex.org/W2323513977', 'https://openalex.org/W2336383631', 'https://openalex.org/W2339199340', 'https://openalex.org/W2340600105', 'https://openalex.org/W2343385175', 'https://openalex.org/W2578043790', 'https://openalex.org/W2582743722', 'https://openalex.org/W2587020031', 'https://openalex.org/W2588906490', 'https://openalex.org/W2604852310', 'https://openalex.org/W2605481522', 'https://openalex.org/W2740838875', 'https://openalex.org/W2746876734', 'https://openalex.org/W2755950973', 'https://openalex.org/W2767315946', 'https://openalex.org/W2774273916', 'https://openalex.org/W2793384939', 'https://openalex.org/W2801376250', 'https://openalex.org/W2805783867', 'https://openalex.org/W2806100949', 'https://openalex.org/W2815247123', 'https://openalex.org/W2893832477', 'https://openalex.org/W2898813204', 'https://openalex.org/W2901580463', 'https://openalex.org/W2902237058', 'https://openalex.org/W2908775086', 'https://openalex.org/W2921717807', 'https://openalex.org/W2934918878', 'https://openalex.org/W2937731184', 'https://openalex.org/W2949926253', 'https://openalex.org/W2963483681', 'https://openalex.org/W3098090805', 'https://openalex.org/W3125505924', 'https://openalex.org/W3137298232', 'https://openalex.org/W4245579782', 'https://openalex.org/W4399638148']","['Systematic review', 'Publication', 'Narrative review', 'Field (mathematics)', 'Scientific literature', 'Bibliometrics', 'Narrative', 'Engineering ethics', 'Sociology', 'Data science', 'Computer science', 'Library science', 'Political science', 'Psychology', 'MEDLINE', 'Engineering']","['Systematic review', 'Publication', 'Narrative review', 'Field (mathematics)', 'Scientific literature', 'Bibliometrics', 'Narrative', 'Engineering ethics', 'Sociology', 'Data science', 'Computer science', 'Library science', 'Political science', 'Psychology', 'MEDLINE', 'Engineering', 'Psychotherapist', 'Law', 'Linguistics', 'Biology', 'Mathematics', 'Pure mathematics', 'Philosophy', 'Paleontology']","Literature reviews play an essential role in academic research to gather existing knowledge and to examine the state of a field. However, researchers in business, management and related disciplines continue to rely on cursory and narrative reviews that lack a systematic investigation of the literature. This article details methodological steps for conducting literature reviews in a replicable and scientific fashion. This article also discusses bibliographic mapping approaches to visualise bibliometric information and findings from a systematic literature review. We hope that the insights provided in this article are useful for researchers at different stages of their careers – ranging from doctoral students who wish to assemble a broad overview of their field of interest to guide their work, to senior researchers who wish to publish authoritative literature reviews. JEL Classification: C18, C80, C88, M10, M20",45,2,175,194,"Linnenluecke MK, 2019, Australian Journal of Management",[],,,,closed,[],[],,,"['Systematic review', 'Publication', 'Narrative review', 'Field (mathematics)', 'Scientific literature', 'Bibliometrics', 'Narrative', 'Engineering ethics', 'Sociology', 'Data science', 'Computer science', 'Library science', 'Political science', 'Psychology', 'MEDLINE', 'Engineering', 'Psychotherapist', 'Law', 'Linguistics', 'Biology', 'Mathematics', 'Pure mathematics', 'Philosophy', 'Paleontology']",[]
OpenAlex,https://openalex.org/W3001491100,10.3145/epi.2020.ene.03,,Software tools for conducting bibliometric analysis in science: An up-to-date review,EL PROFESIONAL DE LA INFORMACION,El Profesional de la Informacion,2020,article,es,1571,"['Moral-Muñoz JA', 'Herrera‐Viedma E', 'Santisteban‐Espejo A', 'Cobo MJ']","['José A. Moral-Muñoz', 'Enrique Herrera‐Viedma', 'Antonio Santisteban‐Espejo', 'Manuel J. Cobo']","['Universidad de Cádiz', 'Universidad de Granada', 'Hospital Universitario Puerta del Mar', 'Universidad de Cádiz']",,"['https://openalex.org/W58954717', 'https://openalex.org/W1021000864', 'https://openalex.org/W1481580122', 'https://openalex.org/W1502432690', 'https://openalex.org/W1538205560', 'https://openalex.org/W1767272795', 'https://openalex.org/W1969180921', 'https://openalex.org/W1974552298', 'https://openalex.org/W1981886524', 'https://openalex.org/W2005706022', 'https://openalex.org/W2008388219', 'https://openalex.org/W2043976122', 'https://openalex.org/W2045108252', 'https://openalex.org/W2045816279', 'https://openalex.org/W2080548714', 'https://openalex.org/W2090396658', 'https://openalex.org/W2094864959', 'https://openalex.org/W2097148950', 'https://openalex.org/W2097914836', 'https://openalex.org/W2100721575', 'https://openalex.org/W2107669738', 'https://openalex.org/W2108680868', 'https://openalex.org/W2128438887', 'https://openalex.org/W2130548493', 'https://openalex.org/W2135415614', 'https://openalex.org/W2135455887', 'https://openalex.org/W2137786481', 'https://openalex.org/W2150220236', 'https://openalex.org/W2159299749', 'https://openalex.org/W2163878690', 'https://openalex.org/W2169089330', 'https://openalex.org/W2232112412', 'https://openalex.org/W2275696275', 'https://openalex.org/W2277173977', 'https://openalex.org/W2319824271', 'https://openalex.org/W2522876520', 'https://openalex.org/W2550304420', 'https://openalex.org/W2563792373', 'https://openalex.org/W2566577737', 'https://openalex.org/W2571077957', 'https://openalex.org/W2599784308', 'https://openalex.org/W2755950973', 'https://openalex.org/W2762203815', 'https://openalex.org/W2767791169', 'https://openalex.org/W2772451958', 'https://openalex.org/W2793174271', 'https://openalex.org/W2797873488', 'https://openalex.org/W2900201388', 'https://openalex.org/W2901077405', 'https://openalex.org/W2908052148', 'https://openalex.org/W2943090492', 'https://openalex.org/W2963453445', 'https://openalex.org/W2971022377', 'https://openalex.org/W2973834436', 'https://openalex.org/W2987264428', 'https://openalex.org/W2998874360', 'https://openalex.org/W3102325394', 'https://openalex.org/W3106477845', 'https://openalex.org/W3122218456', 'https://openalex.org/W4229688471', 'https://openalex.org/W4238591974', 'https://openalex.org/W4256681118', 'https://openalex.org/W6694478746', 'https://openalex.org/W6695147765']","['Bibliometrics', 'Visualization', 'Data science', 'Computer science', 'Data visualization', 'Set (abstract data type)', 'Scientometrics', 'Database', 'Data mining', 'World Wide Web']","['Bibliometrics', 'Visualization', 'Data science', 'Computer science', 'Data visualization', 'Set (abstract data type)', 'Scientometrics', 'Database', 'Data mining', 'World Wide Web', 'Programming language']","Bibliometrics has become an essential tool for assessing and analyzing the output of scientists, cooperation between universities, the effect of state-owned science funding on national research and development performance and educational efficiency, among other applications. Therefore, professionals and scientists need a range of theoretical and practical tools to measure experimental data. This review aims to provide an up-to-date review of the various tools available for conducting bibliometric and scientometric analyses, including the sources of data acquisition, performance analysis and visualization tools. The included tools were divided into three categories: general bibliometric and performance analysis, science mapping analysis, and libraries; a description of all of them is provided. A comparative analysis of the database sources support, pre-processing capabilities, analysis and visualization options were also provided in order to facilitate its understanding. Although there are numerous bibliometric databases to obtain data for bibliometric and scientometric analysis, they have been developed for a different purpose. The number of exportable records is between 500 and 50,000 and the coverage of the different science fields is unequal in each database. Concerning the analyzed tools, Bibliometrix contains the more extensive set of techniques and suitable for practitioners through Biblioshiny. VOSviewer has a fantastic visualization and is capable of loading and exporting information from many sources. SciMAT is the tool with a powerful pre-processing and export capability. In views of the variability of features, the users need to decide the desired analysis output and chose the option that better fits into their aims.",29,1,,,"Moral-Muñoz JA, 2020, El Profesional de la Informacion",[],,,,diamond,[],[],,,"['Bibliometrics', 'Visualization', 'Data science', 'Computer science', 'Data visualization', 'Set (abstract data type)', 'Scientometrics', 'Database', 'Data mining', 'World Wide Web', 'Programming language']",[]
OpenAlex,https://openalex.org/W3001554335,10.1162/qss_a_00019,,"Scopus as a curated, high-quality bibliometric data source for academic research in quantitative science studies",QUANTITATIVE SCIENCE STUDIES,Quantitative Science Studies,2020,article,en,1804,"['Baas J', 'Schotten M', 'Plume A', 'Côté G', 'Karimi R']","['Jeroen Baas', 'Michiel Schotten', 'Andrew Plume', 'Grégoire Côté', 'Reza Karimi']","['RELX Group (Netherlands)', 'RELX Group (Netherlands)', 'RELX Group (Netherlands)', 'RELX Group (Netherlands)', 'RELX Group (Netherlands)']",,"['https://openalex.org/W1904486621', 'https://openalex.org/W2000074009', 'https://openalex.org/W2045313021', 'https://openalex.org/W2065562675', 'https://openalex.org/W2081254119', 'https://openalex.org/W2083714175', 'https://openalex.org/W2088605208', 'https://openalex.org/W2091013346', 'https://openalex.org/W2140190064', 'https://openalex.org/W2144925873', 'https://openalex.org/W2154268750', 'https://openalex.org/W2157485171', 'https://openalex.org/W2168621403', 'https://openalex.org/W2176845722', 'https://openalex.org/W2324810750', 'https://openalex.org/W2763898449', 'https://openalex.org/W2796617552', 'https://openalex.org/W2802390855', 'https://openalex.org/W2808703721', 'https://openalex.org/W2884629747', 'https://openalex.org/W2890459920', 'https://openalex.org/W2892300837', 'https://openalex.org/W2905801917', 'https://openalex.org/W2907285057', 'https://openalex.org/W2915059225', 'https://openalex.org/W2950598371', 'https://openalex.org/W2951889570', 'https://openalex.org/W2953252885', 'https://openalex.org/W2953283747', 'https://openalex.org/W2962744526', 'https://openalex.org/W2968900048', 'https://openalex.org/W2969068369', 'https://openalex.org/W2971378166', 'https://openalex.org/W2972472097', 'https://openalex.org/W3101042272', 'https://openalex.org/W3103952011', 'https://openalex.org/W3122074984', 'https://openalex.org/W3134853862', 'https://openalex.org/W4247068105', 'https://openalex.org/W4383905441']","['Scopus', 'Bibliometrics', 'Metadata', 'Computer science', 'Data science', 'Citation', 'Profiling (computer programming)', 'Information retrieval', 'Library science', 'World Wide Web', 'Political science', 'MEDLINE']","['Scopus', 'Bibliometrics', 'Metadata', 'Computer science', 'Data science', 'Citation', 'Profiling (computer programming)', 'Information retrieval', 'Library science', 'World Wide Web', 'Political science', 'MEDLINE', 'Law', 'Operating system']","Scopus is among the largest curated abstract and citation databases, with a wide global and regional coverage of scientific journals, conference proceedings, and books, while ensuring only the highest quality data are indexed through rigorous content selection and re-evaluation by an independent Content Selection and Advisory Board. Additionally, extensive quality assurance processes continuously monitor and improve all data elements in Scopus. Besides enriched metadata records of scientific articles, Scopus offers comprehensive author and institution profiles, obtained from advanced profiling algorithms and manual curation, ensuring high precision and recall. The trustworthiness of Scopus has led to its use as bibliometric data source for large-scale analyses in research assessments, research landscape studies, science policy evaluations, and university rankings. Scopus data have been offered for free for selected studies by the academic research community, such as through application programming interfaces, which have led to many publications employing Scopus data to investigate topics such as researcher mobility, network visualizations, and spatial bibliometrics. In June 2019, the International Center for the Study of Research was launched, with an advisory board consisting of bibliometricians, aiming to work with the scientometric research community and offering a virtual laboratory where researchers will be able to utilize Scopus data.",1,1,377,386,"Baas J, 2020, Quantitative Science Studies",[],,,,gold,[],[],,,"['Scopus', 'Bibliometrics', 'Metadata', 'Computer science', 'Data science', 'Citation', 'Profiling (computer programming)', 'Information retrieval', 'Library science', 'World Wide Web', 'Political science', 'MEDLINE', 'Law', 'Operating system']",[]
OpenAlex,https://openalex.org/W4200395585,10.1007/s40037-021-00695-4,34914027,Bibliometrics: Methods for studying academic publishing,PERSPECTIVES ON MEDICAL EDUCATION,Perspectives on Medical Education,2021,article,en,912,"['Ninkov A', 'Frank JR', 'Maggio LA']","['Anton Ninkov', 'Jason R. Frank', 'Lauren A. Maggio']","['University of Ottawa', 'University of Ottawa', 'Royal College of Physicians and Surgeons of Canada', 'Uniformed Services University of the Health Sciences']",,"['https://openalex.org/W632296834', 'https://openalex.org/W1509831690', 'https://openalex.org/W2000720915', 'https://openalex.org/W2069134922', 'https://openalex.org/W2073023209', 'https://openalex.org/W2101174610', 'https://openalex.org/W2113037525', 'https://openalex.org/W2128438887', 'https://openalex.org/W2130247873', 'https://openalex.org/W2132631086', 'https://openalex.org/W2140970322', 'https://openalex.org/W2155488863', 'https://openalex.org/W2794676752', 'https://openalex.org/W2887657800', 'https://openalex.org/W2891506050', 'https://openalex.org/W2977688993', 'https://openalex.org/W2997017740', 'https://openalex.org/W3017313105', 'https://openalex.org/W3024780246', 'https://openalex.org/W3094265879', 'https://openalex.org/W3106956327', 'https://openalex.org/W3206618455', 'https://openalex.org/W4210997956', 'https://openalex.org/W4299419711', 'https://openalex.org/W6679400840', 'https://openalex.org/W6680897394']","['Bibliometrics', 'Terminology', 'Publishing', 'Data science', 'Strengths and weaknesses', 'Population health', 'Computer science', 'Population', 'Library science', 'Medicine', 'Psychology', 'Political science']","['Bibliometrics', 'Terminology', 'Publishing', 'Data science', 'Strengths and weaknesses', 'Population health', 'Computer science', 'Population', 'Library science', 'Medicine', 'Psychology', 'Political science', 'Linguistics', 'Philosophy', 'Environmental health', 'Social psychology', 'Law']","Bibliometrics is the study of academic publishing that uses statistics to describe publishing trends and to highlight relationships between published works. Likened to epidemiology, researchers seek to answer questions about a field based on data about publications (e.g., authors, topics, funding) in the same way that an epidemiologist queries patient data to understand the health of a population. In this Eye Opener, the authors introduce bibliometrics and define its key terminology and concepts, including relational and evaluative bibliometrics. Readers are introduced to common bibliometric methods and their related strengths and weaknesses. The authors provide examples of bibliometrics applied in health professions education and propose potential future research directions. Health professions educators are consumers of bibliometric reports and can adopt its methodologies for future studies.",11,3,173,176,"Ninkov A, 2021, Perspectives on Medical Education",[],,,,diamond,[],[],,,"['Bibliometrics', 'Terminology', 'Publishing', 'Data science', 'Strengths and weaknesses', 'Population health', 'Computer science', 'Population', 'Library science', 'Medicine', 'Psychology', 'Political science', 'Linguistics', 'Philosophy', 'Environmental health', 'Social psychology', 'Law']",[]
OpenAlex,https://openalex.org/W2039027543,10.1111/j.1742-7843.2005.pto_139.x,16236137,Bibliometric Methods: Pitfalls and Possibilities,BASIC & CLINICAL PHARMACOLOGY & TOXICOLOGY,Basic & Clinical Pharmacology & Toxicology,2005,review,en,862,['Wallin JA'],['Johan Albert Wallin'],['University of Southern Denmark'],,"['https://openalex.org/W590062233', 'https://openalex.org/W1485792508', 'https://openalex.org/W1498577234', 'https://openalex.org/W1513301010', 'https://openalex.org/W1538205560', 'https://openalex.org/W1577209593', 'https://openalex.org/W1588994607', 'https://openalex.org/W1717237806', 'https://openalex.org/W1721582861', 'https://openalex.org/W1756094496', 'https://openalex.org/W1768072090', 'https://openalex.org/W1778780124', 'https://openalex.org/W1787616468', 'https://openalex.org/W1801492775', 'https://openalex.org/W1856837095', 'https://openalex.org/W1861464894', 'https://openalex.org/W1868866275', 'https://openalex.org/W1931712196', 'https://openalex.org/W1955749066', 'https://openalex.org/W1956112196', 'https://openalex.org/W1964104106', 'https://openalex.org/W1965721320', 'https://openalex.org/W1968815786', 'https://openalex.org/W1969666528', 'https://openalex.org/W1970436654', 'https://openalex.org/W1970859146', 'https://openalex.org/W1971350814', 'https://openalex.org/W1972044123', 'https://openalex.org/W1973198378', 'https://openalex.org/W1973396742', 'https://openalex.org/W1975925009', 'https://openalex.org/W1976348419', 'https://openalex.org/W1978111798', 'https://openalex.org/W1978868011', 'https://openalex.org/W1979233281', 'https://openalex.org/W1980832703', 'https://openalex.org/W1981083189', 'https://openalex.org/W1981678650', 'https://openalex.org/W1984696562', 'https://openalex.org/W1986102868', 'https://openalex.org/W1986551362', 'https://openalex.org/W1987668427', 'https://openalex.org/W1988868053', 'https://openalex.org/W1991526941', 'https://openalex.org/W1991747566', 'https://openalex.org/W1992724014', 'https://openalex.org/W1994033734', 'https://openalex.org/W1994923548', 'https://openalex.org/W1996025826', 'https://openalex.org/W1996528643', 'https://openalex.org/W1996587013', 'https://openalex.org/W1997361512', 'https://openalex.org/W2003512511', 'https://openalex.org/W2005207065', 'https://openalex.org/W2005572277', 'https://openalex.org/W2006285886', 'https://openalex.org/W2008563183', 'https://openalex.org/W2011453004', 'https://openalex.org/W2011737106', 'https://openalex.org/W2014537588', 'https://openalex.org/W2017021673', 'https://openalex.org/W2019254783', 'https://openalex.org/W2023754051', 'https://openalex.org/W2026755501', 'https://openalex.org/W2029391677', 'https://openalex.org/W2030171047', 'https://openalex.org/W2030298489', 'https://openalex.org/W2032139248', 'https://openalex.org/W2032481154', 'https://openalex.org/W2034589592', 'https://openalex.org/W2035699821', 'https://openalex.org/W2042416907', 'https://openalex.org/W2043309265', 'https://openalex.org/W2051024530', 'https://openalex.org/W2052828883', 'https://openalex.org/W2053657277', 'https://openalex.org/W2053711084', 'https://openalex.org/W2054811612', 'https://openalex.org/W2055198951', 'https://openalex.org/W2059048044', 'https://openalex.org/W2065036432', 'https://openalex.org/W2070933614', 'https://openalex.org/W2070942094', 'https://openalex.org/W2071096576', 'https://openalex.org/W2071158498', 'https://openalex.org/W2071902141', 'https://openalex.org/W2079377779', 'https://openalex.org/W2080450835', 'https://openalex.org/W2080548714', 'https://openalex.org/W2080838006', 'https://openalex.org/W2080937708', 'https://openalex.org/W2081927521', 'https://openalex.org/W2082114268', 'https://openalex.org/W2084715079', 'https://openalex.org/W2088683008', 'https://openalex.org/W2088758934', 'https://openalex.org/W2094243257', 'https://openalex.org/W2095149397', 'https://openalex.org/W2098615852', 'https://openalex.org/W2099676206', 'https://openalex.org/W2102681052', 'https://openalex.org/W2106854075', 'https://openalex.org/W2107680813', 'https://openalex.org/W2109481728', 'https://openalex.org/W2111001702', 'https://openalex.org/W2114905897', 'https://openalex.org/W2116209312', 'https://openalex.org/W2116487592', 'https://openalex.org/W2116871268', 'https://openalex.org/W2117138257', 'https://openalex.org/W2119156101', 'https://openalex.org/W2126951348', 'https://openalex.org/W2131409840', 'https://openalex.org/W2131837970', 'https://openalex.org/W2134268216', 'https://openalex.org/W2135355043', 'https://openalex.org/W2136149743', 'https://openalex.org/W2137029902', 'https://openalex.org/W2137895980', 'https://openalex.org/W2140283616', 'https://openalex.org/W2142544444', 'https://openalex.org/W2143964177', 'https://openalex.org/W2146465995', 'https://openalex.org/W2150499457', 'https://openalex.org/W2150569271', 'https://openalex.org/W2152167823', 'https://openalex.org/W2153054955', 'https://openalex.org/W2153992902', 'https://openalex.org/W2154378827', 'https://openalex.org/W2155943803', 'https://openalex.org/W2157581122', 'https://openalex.org/W2162786269', 'https://openalex.org/W2168160236', 'https://openalex.org/W2169882007', 'https://openalex.org/W2171789734', 'https://openalex.org/W2315894413', 'https://openalex.org/W2320653831', 'https://openalex.org/W2401967347', 'https://openalex.org/W2503738824', 'https://openalex.org/W2525880732', 'https://openalex.org/W2762702873', 'https://openalex.org/W2998874360', 'https://openalex.org/W3124934398', 'https://openalex.org/W3192603459', 'https://openalex.org/W3192988845', 'https://openalex.org/W4211201332', 'https://openalex.org/W4232580716', 'https://openalex.org/W4234110639', 'https://openalex.org/W4242177863', 'https://openalex.org/W4242237596', 'https://openalex.org/W4244276741', 'https://openalex.org/W4249946217', 'https://openalex.org/W4255631865', 'https://openalex.org/W4292887282', 'https://openalex.org/W4297835285']","['Normalization (sociology)', 'Bibliometrics', 'Computer science', 'Data science', 'Management science', 'Data mining', 'Engineering', 'Sociology', 'Social science']","['Normalization (sociology)', 'Bibliometrics', 'Computer science', 'Data science', 'Management science', 'Data mining', 'Engineering', 'Sociology', 'Social science']","Bibliometric studies are increasingly being used for research assessment. Bibliometric indicators are strongly methodology-dependent but for all of them, various types of data normalization are an indispensable requirement. Bibliometric studies have many pitfalls; technical skill, critical sense and a precise knowledge about the examined scientific domain are required to carry out and interpret bibliometric investigations correctly.",97,5,261,275,"Wallin JA, 2005, Basic & Clinical Pharmacology & Toxicology",[],,,,bronze,[],[],,,"['Normalization (sociology)', 'Bibliometrics', 'Computer science', 'Data science', 'Management science', 'Data mining', 'Engineering', 'Sociology', 'Social science']",[]
OpenAlex,https://openalex.org/W1888811121,10.1023/a:1017919924342,,"The Literature of Bibliometrics, Scientometrics, and Informetrics",SCIENTOMETRICS,Scientometrics,2001,article,en,947,"['Hood WW', 'Wilson CS']","['William W. Hood', 'Concepción S. Wilson']","['UNSW Sydney', 'UNSW Sydney']",,"['https://openalex.org/W598681', 'https://openalex.org/W157305773', 'https://openalex.org/W202960689', 'https://openalex.org/W571806812', 'https://openalex.org/W591618049', 'https://openalex.org/W592965303', 'https://openalex.org/W613427721', 'https://openalex.org/W643826803', 'https://openalex.org/W1513301010', 'https://openalex.org/W1520515685', 'https://openalex.org/W1547879617', 'https://openalex.org/W1566702485', 'https://openalex.org/W1645648337', 'https://openalex.org/W1827568685', 'https://openalex.org/W1967484766', 'https://openalex.org/W1967508355', 'https://openalex.org/W1969949383', 'https://openalex.org/W1974545241', 'https://openalex.org/W1981686904', 'https://openalex.org/W1984066943', 'https://openalex.org/W1993082990', 'https://openalex.org/W1995746228', 'https://openalex.org/W2004864037', 'https://openalex.org/W2009117424', 'https://openalex.org/W2009405785', 'https://openalex.org/W2012635760', 'https://openalex.org/W2019736365', 'https://openalex.org/W2020002812', 'https://openalex.org/W2024874075', 'https://openalex.org/W2040090443', 'https://openalex.org/W2040610317', 'https://openalex.org/W2046638259', 'https://openalex.org/W2048578426', 'https://openalex.org/W2050931204', 'https://openalex.org/W2051548727', 'https://openalex.org/W2069134922', 'https://openalex.org/W2069818529', 'https://openalex.org/W2079656678', 'https://openalex.org/W2082673417', 'https://openalex.org/W2085912276', 'https://openalex.org/W2103162194', 'https://openalex.org/W2111976725', 'https://openalex.org/W2122250105', 'https://openalex.org/W2135332121', 'https://openalex.org/W2137224556', 'https://openalex.org/W2149342699', 'https://openalex.org/W2153648813', 'https://openalex.org/W2245393327', 'https://openalex.org/W2275696275', 'https://openalex.org/W2279988883', 'https://openalex.org/W2312851934', 'https://openalex.org/W2463095032', 'https://openalex.org/W2523162114', 'https://openalex.org/W2983967962', 'https://openalex.org/W2985749483', 'https://openalex.org/W2986880838', 'https://openalex.org/W2988826194', 'https://openalex.org/W4211143172', 'https://openalex.org/W4246200264', 'https://openalex.org/W4285719527', 'https://openalex.org/W6692041105']","['Informetrics', 'Scientometrics', 'Bibliometrics', 'Field (mathematics)', 'Listing (finance)', 'Citation analysis', 'Popularity', 'Information science', 'Productivity', 'Term (time)', 'Scientific literature', 'Computer science', 'Data science', 'Library science', 'Sociology', 'Information retrieval', 'Social science', 'Citation', 'Political science', 'Mathematics', 'Economics']","['Informetrics', 'Scientometrics', 'Bibliometrics', 'Field (mathematics)', 'Listing (finance)', 'Citation analysis', 'Popularity', 'Information science', 'Productivity', 'Term (time)', 'Scientific literature', 'Computer science', 'Data science', 'Library science', 'Sociology', 'Information retrieval', 'Social science', 'Citation', 'Political science', 'Mathematics', 'Economics', 'Law', 'Physics', 'Paleontology', 'Quantum mechanics', 'Finance', 'Macroeconomics', 'Biology', 'Pure mathematics']",,52,2,291,314,"Hood WW, 2001, Scientometrics",[],,,,closed,[],[],,,"['Informetrics', 'Scientometrics', 'Bibliometrics', 'Field (mathematics)', 'Listing (finance)', 'Citation analysis', 'Popularity', 'Information science', 'Productivity', 'Term (time)', 'Scientific literature', 'Computer science', 'Data science', 'Library science', 'Sociology', 'Information retrieval', 'Social science', 'Citation', 'Political science', 'Mathematics', 'Economics', 'Law', 'Physics', 'Paleontology', 'Quantum mechanics', 'Finance', 'Macroeconomics', 'Biology', 'Pure mathematics']",[]
OpenAlex,https://openalex.org/W2486654687,10.1016/j.joi.2016.10.006,,Constructing bibliometric networks: A comparison between full and fractional counting,JOURNAL OF INFORMETRICS,Journal of Informetrics,2016,article,en,1334,"['Perianes‐Rodríguez A', 'Waltman L', 'Eck NJV']","['Antonio Perianes‐Rodríguez', 'Ludo Waltman', 'Nees Jan van Eck']","['SCImago Research Group', 'Universidad Carlos III de Madrid', 'Leiden University', 'Leiden University']",,"['https://openalex.org/W84673183', 'https://openalex.org/W150292108', 'https://openalex.org/W628012024', 'https://openalex.org/W767067438', 'https://openalex.org/W1671906456', 'https://openalex.org/W1733628806', 'https://openalex.org/W1749485691', 'https://openalex.org/W1949140393', 'https://openalex.org/W1966538856', 'https://openalex.org/W1967988001', 'https://openalex.org/W1970859146', 'https://openalex.org/W1973063963', 'https://openalex.org/W1973828007', 'https://openalex.org/W1992657871', 'https://openalex.org/W1998040366', 'https://openalex.org/W1998358129', 'https://openalex.org/W1999136415', 'https://openalex.org/W2005207065', 'https://openalex.org/W2025572017', 'https://openalex.org/W2043014255', 'https://openalex.org/W2043646846', 'https://openalex.org/W2045108252', 'https://openalex.org/W2053711084', 'https://openalex.org/W2072840758', 'https://openalex.org/W2083084326', 'https://openalex.org/W2084091192', 'https://openalex.org/W2086544511', 'https://openalex.org/W2088209891', 'https://openalex.org/W2096123611', 'https://openalex.org/W2106163721', 'https://openalex.org/W2125315567', 'https://openalex.org/W2129936978', 'https://openalex.org/W2148398225', 'https://openalex.org/W2150220236', 'https://openalex.org/W2153511600', 'https://openalex.org/W2168865631', 'https://openalex.org/W2358301874', 'https://openalex.org/W2503738824', 'https://openalex.org/W3106437531', 'https://openalex.org/W3122100588', 'https://openalex.org/W3123636951', 'https://openalex.org/W4211244701', 'https://openalex.org/W4234292554', 'https://openalex.org/W4243208282', 'https://openalex.org/W6724771551']","['Computer science', 'Construct (python library)', 'Bibliographic coupling', 'Citation', 'Point (geometry)', 'Statistics', 'Mathematics', 'Library science']","['Computer science', 'Construct (python library)', 'Bibliographic coupling', 'Citation', 'Point (geometry)', 'Statistics', 'Mathematics', 'Library science', 'Programming language', 'Geometry']",,10,4,1178,1195,"Perianes‐Rodríguez A, 2016, Journal of Informetrics",[],,,,closed,[],[],,,"['Computer science', 'Construct (python library)', 'Bibliographic coupling', 'Citation', 'Point (geometry)', 'Statistics', 'Mathematics', 'Library science', 'Programming language', 'Geometry']",[]
OpenAlex,https://openalex.org/W4225296409,10.1016/j.jbusres.2022.04.042,,Guidelines for advancing theory and practice through bibliometric research,JOURNAL OF BUSINESS RESEARCH,Journal of Business Research,2022,article,en,1001,"['Mukherjee D', 'Lim WM', 'Kumar S', 'Donthu N']","['Debmalya Mukherjee', 'Weng Marc Lim', 'Satish Kumar', 'Naveen Donthu']","['University of Akron', 'Swinburne University of Technology Sarawak Campus', 'Swinburne University of Technology', 'Swinburne University of Technology Sarawak Campus', 'Malaviya National Institute of Technology Jaipur', 'Georgia State University']",,"['https://openalex.org/W1491087240', 'https://openalex.org/W1898494716', 'https://openalex.org/W1909123760', 'https://openalex.org/W1964218847', 'https://openalex.org/W1987311106', 'https://openalex.org/W1994333330', 'https://openalex.org/W2009918649', 'https://openalex.org/W2039358761', 'https://openalex.org/W2042951609', 'https://openalex.org/W2053738997', 'https://openalex.org/W2054811612', 'https://openalex.org/W2060844703', 'https://openalex.org/W2069134922', 'https://openalex.org/W2074764691', 'https://openalex.org/W2090054320', 'https://openalex.org/W2126352442', 'https://openalex.org/W2138288944', 'https://openalex.org/W2140842113', 'https://openalex.org/W2145617564', 'https://openalex.org/W2165269254', 'https://openalex.org/W2188966318', 'https://openalex.org/W2275696275', 'https://openalex.org/W2289035070', 'https://openalex.org/W2335153552', 'https://openalex.org/W2588755112', 'https://openalex.org/W2615922713', 'https://openalex.org/W2757298325', 'https://openalex.org/W2761394648', 'https://openalex.org/W2769464792', 'https://openalex.org/W2808432859', 'https://openalex.org/W2809460978', 'https://openalex.org/W2886251567', 'https://openalex.org/W2897760862', 'https://openalex.org/W2935911934', 'https://openalex.org/W2947526547', 'https://openalex.org/W2965597097', 'https://openalex.org/W2990450011', 'https://openalex.org/W2994618197', 'https://openalex.org/W2996586333', 'https://openalex.org/W3012440800', 'https://openalex.org/W3038863083', 'https://openalex.org/W3088926891', 'https://openalex.org/W3123050710', 'https://openalex.org/W3123581318', 'https://openalex.org/W3125707221', 'https://openalex.org/W3127786431', 'https://openalex.org/W3145478172', 'https://openalex.org/W3160856016', 'https://openalex.org/W3168428998', 'https://openalex.org/W3184282788', 'https://openalex.org/W3196019115', 'https://openalex.org/W3198357836', 'https://openalex.org/W3206887615', 'https://openalex.org/W3215483346', 'https://openalex.org/W4205313171', 'https://openalex.org/W4210425672', 'https://openalex.org/W4212924475', 'https://openalex.org/W4213104962', 'https://openalex.org/W4213318625', 'https://openalex.org/W4220693684', 'https://openalex.org/W4220710261', 'https://openalex.org/W4220732478', 'https://openalex.org/W4220925903', 'https://openalex.org/W4220986479', 'https://openalex.org/W4223476806', 'https://openalex.org/W4226055548', 'https://openalex.org/W4243795529', 'https://openalex.org/W6695147765', 'https://openalex.org/W6790011347', 'https://openalex.org/W6805406599', 'https://openalex.org/W6809872089']","['Bibliometrics', 'Framing (construction)', 'Management science', 'Data science', 'Engineering ethics', 'Sociology', 'Computer science', 'Library science', 'History', 'Engineering']","['Bibliometrics', 'Framing (construction)', 'Management science', 'Data science', 'Engineering ethics', 'Sociology', 'Computer science', 'Library science', 'History', 'Engineering', 'Archaeology']",,148,,101,115,"Mukherjee D, 2022, Journal of Business Research",[],,,,closed,[],[],,,"['Bibliometrics', 'Framing (construction)', 'Management science', 'Data science', 'Engineering ethics', 'Sociology', 'Computer science', 'Library science', 'History', 'Engineering', 'Archaeology']",[]
OpenAlex,https://openalex.org/W3044902155,10.1111/ijcs.12605,,Financial literacy: A systematic review and bibliometric analysis,INTERNATIONAL JOURNAL OF CONSUMER STUDIES,International Journal of Consumer Studies,2020,review,en,1058,"['Goyal K', 'Kumar S']","['Kirti Goyal', 'Satish Kumar']","['Malaviya National Institute of Technology Jaipur', 'Malaviya National Institute of Technology Jaipur']",,"['https://openalex.org/W378590', 'https://openalex.org/W83581033', 'https://openalex.org/W186050293', 'https://openalex.org/W192202577', 'https://openalex.org/W1509276557', 'https://openalex.org/W1518983875', 'https://openalex.org/W1553693546', 'https://openalex.org/W1554208063', 'https://openalex.org/W1573637034', 'https://openalex.org/W1574791629', 'https://openalex.org/W1594970159', 'https://openalex.org/W1599094451', 'https://openalex.org/W1600420453', 'https://openalex.org/W1790743245', 'https://openalex.org/W1898043472', 'https://openalex.org/W1922999250', 'https://openalex.org/W1923275943', 'https://openalex.org/W1975864757', 'https://openalex.org/W1976783940', 'https://openalex.org/W1976943697', 'https://openalex.org/W1982896809', 'https://openalex.org/W1985117677', 'https://openalex.org/W1990531067', 'https://openalex.org/W1993841658', 'https://openalex.org/W1994172498', 'https://openalex.org/W1996814744', 'https://openalex.org/W2005207065', 'https://openalex.org/W2009850892', 'https://openalex.org/W2010006025', 'https://openalex.org/W2012447057', 'https://openalex.org/W2023981549', 'https://openalex.org/W2026524382', 'https://openalex.org/W2032243987', 'https://openalex.org/W2036964960', 'https://openalex.org/W2041440692', 'https://openalex.org/W2044191302', 'https://openalex.org/W2044566869', 'https://openalex.org/W2050129674', 'https://openalex.org/W2051655153', 'https://openalex.org/W2061220710', 'https://openalex.org/W2061793733', 'https://openalex.org/W2065407506', 'https://openalex.org/W2066636486', 'https://openalex.org/W2066720952', 'https://openalex.org/W2072250519', 'https://openalex.org/W2074848099', 'https://openalex.org/W2075531012', 'https://openalex.org/W2099697766', 'https://openalex.org/W2107067966', 'https://openalex.org/W2112102313', 'https://openalex.org/W2115540370', 'https://openalex.org/W2129967607', 'https://openalex.org/W2131681506', 'https://openalex.org/W2139093807', 'https://openalex.org/W2141732940', 'https://openalex.org/W2145814463', 'https://openalex.org/W2150220236', 'https://openalex.org/W2153697104', 'https://openalex.org/W2153874956', 'https://openalex.org/W2156809834', 'https://openalex.org/W2166096872', 'https://openalex.org/W2167825607', 'https://openalex.org/W2168485380', 'https://openalex.org/W2182091510', 'https://openalex.org/W2188541958', 'https://openalex.org/W2200307194', 'https://openalex.org/W2253476747', 'https://openalex.org/W2289522766', 'https://openalex.org/W2322201160', 'https://openalex.org/W2342790915', 'https://openalex.org/W2462791742', 'https://openalex.org/W2464538152', 'https://openalex.org/W2478614056', 'https://openalex.org/W2484134660', 'https://openalex.org/W2489711186', 'https://openalex.org/W2522428775', 'https://openalex.org/W2530925268', 'https://openalex.org/W2531871136', 'https://openalex.org/W2553853098', 'https://openalex.org/W2581186038', 'https://openalex.org/W2592542840', 'https://openalex.org/W2593560379', 'https://openalex.org/W2594947050', 'https://openalex.org/W2605517066', 'https://openalex.org/W2606718348', 'https://openalex.org/W2620230409', 'https://openalex.org/W2624519355', 'https://openalex.org/W2740749042', 'https://openalex.org/W2755208210', 'https://openalex.org/W2755922407', 'https://openalex.org/W2760154708', 'https://openalex.org/W2762507278', 'https://openalex.org/W2765195903', 'https://openalex.org/W2770343832', 'https://openalex.org/W2779420331', 'https://openalex.org/W2780139505', 'https://openalex.org/W2782547129', 'https://openalex.org/W2787383954', 'https://openalex.org/W2788381326', 'https://openalex.org/W2791285746', 'https://openalex.org/W2794342762', 'https://openalex.org/W2799995715', 'https://openalex.org/W2800634617', 'https://openalex.org/W2801095601', 'https://openalex.org/W2801678479', 'https://openalex.org/W2805417606', 'https://openalex.org/W2807211267', 'https://openalex.org/W2885251002', 'https://openalex.org/W2886418448', 'https://openalex.org/W2886659746', 'https://openalex.org/W2888245595', 'https://openalex.org/W2888873387', 'https://openalex.org/W2889237771', 'https://openalex.org/W2889738356', 'https://openalex.org/W2892199205', 'https://openalex.org/W2892832105', 'https://openalex.org/W2896169820', 'https://openalex.org/W2896898931', 'https://openalex.org/W2898061500', 'https://openalex.org/W2900906630', 'https://openalex.org/W2902374151', 'https://openalex.org/W2908862881', 'https://openalex.org/W2911554037', 'https://openalex.org/W2914155009', 'https://openalex.org/W2914444313', 'https://openalex.org/W2916433737', 'https://openalex.org/W2919551495', 'https://openalex.org/W2919962100', 'https://openalex.org/W2945215148', 'https://openalex.org/W2945270531', 'https://openalex.org/W2953484500', 'https://openalex.org/W2955329833', 'https://openalex.org/W2969297325', 'https://openalex.org/W2971067225', 'https://openalex.org/W2977288832', 'https://openalex.org/W2979423479', 'https://openalex.org/W2981708622', 'https://openalex.org/W2990688366', 'https://openalex.org/W3013121990', 'https://openalex.org/W3020904314', 'https://openalex.org/W3023810242', 'https://openalex.org/W3035423599', 'https://openalex.org/W3060994686', 'https://openalex.org/W3093851237', 'https://openalex.org/W3099768174', 'https://openalex.org/W3121196619', 'https://openalex.org/W3121262164', 'https://openalex.org/W3121488855', 'https://openalex.org/W3121995747', 'https://openalex.org/W3122030459', 'https://openalex.org/W3122047221', 'https://openalex.org/W3122226039', 'https://openalex.org/W3122768656', 'https://openalex.org/W3122819058', 'https://openalex.org/W3122933983', 'https://openalex.org/W3123057448', 'https://openalex.org/W3123060115', 'https://openalex.org/W3123417660', 'https://openalex.org/W3123487566', 'https://openalex.org/W3123675459', 'https://openalex.org/W3123854401', 'https://openalex.org/W3123886011', 'https://openalex.org/W3124105614', 'https://openalex.org/W3124599935', 'https://openalex.org/W3124704578', 'https://openalex.org/W3124818290', 'https://openalex.org/W3125061710', 'https://openalex.org/W3125129652', 'https://openalex.org/W3125378644', 'https://openalex.org/W3125408371', 'https://openalex.org/W3125409630', 'https://openalex.org/W3125505924', 'https://openalex.org/W3125678016', 'https://openalex.org/W3125685058', 'https://openalex.org/W3125761969', 'https://openalex.org/W3125893568', 'https://openalex.org/W3126062738', 'https://openalex.org/W3126071966', 'https://openalex.org/W3204170628', 'https://openalex.org/W3214923421', 'https://openalex.org/W4211239526', 'https://openalex.org/W4229841581', 'https://openalex.org/W4239961324', 'https://openalex.org/W4256658942', 'https://openalex.org/W4378555732', 'https://openalex.org/W4400154648', 'https://openalex.org/W6633223877']","['Financial literacy', 'Citation', 'Content analysis', 'Citation analysis', 'Bibliometrics', 'Literacy', 'Financial analysis', 'Accounting', 'Political science', 'Sociology', 'Social science', 'Business', 'Library science', 'Finance', 'Computer science', 'Pedagogy']","['Financial literacy', 'Citation', 'Content analysis', 'Citation analysis', 'Bibliometrics', 'Literacy', 'Financial analysis', 'Accounting', 'Political science', 'Sociology', 'Social science', 'Business', 'Library science', 'Finance', 'Computer science', 'Pedagogy']","Abstract Given the paucity of comprehensive summaries in the extant literature, this systematic review, coupled with bibliometric analysis, endeavours to take a meticulous approach intended at presenting quantitative and qualitative knowledge on the ever‐emerging subject of financial literacy. The study comprises a review of 502 articles ‐ published in peer‐reviewed journals from 2000 to 2019. Citation network, page‐rank analysis, co‐citation analysis, content analysis and publication trends have been employed to identify influential work, delineate the intellectual structure of the field and identify gaps. The most prominent journals, authors, countries, articles and themes have been identified using bibliometric analysis, followed by a comprehensive analysis of the content of 107 papers in the identified clusters. The three major themes enumerated are—levels of financial literacy amongst distinct cohorts, the influence that financial literacy exerts on financial planning and behaviour, and the impact of financial education. Additionally, content analysis of 175 papers has been conducted for the last four years’ articles that were not covered in the co‐citation analysis. Emerging themes identified include financial capability, financial inclusion, gender gap, tax &amp; insurance literacy, and digital financial education. A conceptual framework has been modelled portraying the complete picture, following which potential areas of research have been suggested. This study will help policy‐makers, regulators and academic researchers know the nuts and bolts of financial literacy, and identify the relevant areas that need investigation.",45,1,80,105,"Goyal K, 2020, International Journal of Consumer Studies",[],,,,closed,[],[],,,"['Financial literacy', 'Citation', 'Content analysis', 'Citation analysis', 'Bibliometrics', 'Literacy', 'Financial analysis', 'Accounting', 'Political science', 'Sociology', 'Social science', 'Business', 'Library science', 'Finance', 'Computer science', 'Pedagogy']",[]
OpenAlex,https://openalex.org/W2044764121,10.1016/j.techfore.2006.04.004,,Forecasting emerging technologies: Use of bibliometrics and patent analysis,TECHNOLOGICAL FORECASTING AND SOCIAL CHANGE,Technological Forecasting and Social Change,2006,article,en,1077,"['Daim T', 'Rueda G', 'Martin H', 'Gerdsri P']","['Tuğrul Daim', 'Guillermo Rueda', 'Hilary Martin', 'Pisek Gerdsri']","['Portland State University', 'Portland State University', 'Portland State University', 'Portland State University']",,"['https://openalex.org/W131585552', 'https://openalex.org/W217367128', 'https://openalex.org/W572293992', 'https://openalex.org/W632098687', 'https://openalex.org/W1501466435', 'https://openalex.org/W1540267213', 'https://openalex.org/W1582594737', 'https://openalex.org/W1917875529', 'https://openalex.org/W1967778391', 'https://openalex.org/W1981694176', 'https://openalex.org/W1984533634', 'https://openalex.org/W1989841161', 'https://openalex.org/W1991509671', 'https://openalex.org/W1997856487', 'https://openalex.org/W2020500920', 'https://openalex.org/W2021169264', 'https://openalex.org/W2026829235', 'https://openalex.org/W2034410374', 'https://openalex.org/W2039056948', 'https://openalex.org/W2046890673', 'https://openalex.org/W2050264809', 'https://openalex.org/W2052836185', 'https://openalex.org/W2060180376', 'https://openalex.org/W2072349876', 'https://openalex.org/W2077876672', 'https://openalex.org/W2081371103', 'https://openalex.org/W2096976930', 'https://openalex.org/W2104526649', 'https://openalex.org/W2105379926', 'https://openalex.org/W2109600586', 'https://openalex.org/W2124924733', 'https://openalex.org/W2133856629', 'https://openalex.org/W2163897044', 'https://openalex.org/W2294895850', 'https://openalex.org/W2314683765', 'https://openalex.org/W2315303612', 'https://openalex.org/W2469619763', 'https://openalex.org/W2936323301', 'https://openalex.org/W2988934653', 'https://openalex.org/W3128013945', 'https://openalex.org/W3141692537', 'https://openalex.org/W4232363964', 'https://openalex.org/W4239990470', 'https://openalex.org/W4243830243', 'https://openalex.org/W4247738395', 'https://openalex.org/W4285719527', 'https://openalex.org/W4297696547', 'https://openalex.org/W6646415725', 'https://openalex.org/W6656817356', 'https://openalex.org/W6674269416', 'https://openalex.org/W6675676035', 'https://openalex.org/W6684379453']","['Bibliometrics', 'Emerging technologies', 'Patent analysis', 'Technology forecasting', 'Computer science', 'Data science', 'Trend analysis', 'Data mining', 'Artificial intelligence', 'Machine learning']","['Bibliometrics', 'Emerging technologies', 'Patent analysis', 'Technology forecasting', 'Computer science', 'Data science', 'Trend analysis', 'Data mining', 'Artificial intelligence', 'Machine learning']",,73,8,981,1012,"Daim T, 2006, Technological Forecasting and Social Change",[],,,,closed,[],[],,,"['Bibliometrics', 'Emerging technologies', 'Patent analysis', 'Technology forecasting', 'Computer science', 'Data science', 'Trend analysis', 'Data mining', 'Artificial intelligence', 'Machine learning']",[]
OpenAlex,https://openalex.org/W2163539724,10.1148/radiol.09090626,20413749,Bibliometric Indicators: Quality Measurements of Scientific Publication,RADIOLOGY,Radiology,2010,article,en,855,"['Durieux V', 'Gevenois PA']","['Valérie Durieux', 'Pierre Alain Gevenois']","['Université Libre de Bruxelles', 'Université Libre de Bruxelles', 'Erasmus Hospital']",,"['https://openalex.org/W50317797', 'https://openalex.org/W1482062756', 'https://openalex.org/W1575605140', 'https://openalex.org/W1713342896', 'https://openalex.org/W1859177121', 'https://openalex.org/W1958739611', 'https://openalex.org/W1963904310', 'https://openalex.org/W1979080638', 'https://openalex.org/W1994077089', 'https://openalex.org/W1998427508', 'https://openalex.org/W2001115057', 'https://openalex.org/W2002117998', 'https://openalex.org/W2011535113', 'https://openalex.org/W2013731798', 'https://openalex.org/W2015415650', 'https://openalex.org/W2028442912', 'https://openalex.org/W2028653291', 'https://openalex.org/W2029304379', 'https://openalex.org/W2040022536', 'https://openalex.org/W2044737536', 'https://openalex.org/W2046194556', 'https://openalex.org/W2068517964', 'https://openalex.org/W2069656088', 'https://openalex.org/W2070662262', 'https://openalex.org/W2073204981', 'https://openalex.org/W2088209891', 'https://openalex.org/W2088758934', 'https://openalex.org/W2092142860', 'https://openalex.org/W2095149397', 'https://openalex.org/W2099811601', 'https://openalex.org/W2102681052', 'https://openalex.org/W2105114286', 'https://openalex.org/W2123235074', 'https://openalex.org/W2128438887', 'https://openalex.org/W2139081384', 'https://openalex.org/W2140283616', 'https://openalex.org/W2143860494', 'https://openalex.org/W2147150292', 'https://openalex.org/W2275696275', 'https://openalex.org/W2313477002', 'https://openalex.org/W2318740042', 'https://openalex.org/W2526294459', 'https://openalex.org/W3101807887', 'https://openalex.org/W4233530792', 'https://openalex.org/W4244121808']","['Bibliometrics', 'Measure (data warehouse)', 'Quality (philosophy)', 'Productivity', 'Data science', 'Scientometrics', 'Set (abstract data type)', 'Management science', 'Medicine', 'Computer science', 'Library science', 'Data mining', 'Economics']","['Bibliometrics', 'Measure (data warehouse)', 'Quality (philosophy)', 'Productivity', 'Data science', 'Scientometrics', 'Set (abstract data type)', 'Management science', 'Medicine', 'Computer science', 'Library science', 'Data mining', 'Economics', 'Philosophy', 'Epistemology', 'Programming language', 'Macroeconomics']","Bibliometrics is a set of mathematical and statistical methods used to analyze and measure the quantity and quality of books, articles, and other forms of publications. There are three types of bibliometric indicators: quantity indicators, which measure the productivity of a particular researcher; quality indicators, which measure the quality (or ""performance"") of a researcher's output; and structural indicators, which measure connections between publications, authors, and areas of research. Bibliometric indicators are especially important for researchers and organizations, as these measurements are often used in funding decisions, appointments, and promotions of researchers. As more and more scientific discoveries occur and published research results are read and then quoted by other researchers, bibliometric indicators are becoming increasingly important. This article provides an overview of the currently used bibliometric indicators and summarizes the critical elements and characteristics one should be aware of when evaluating the quantity and quality of scientific output.",255,2,342,351,"Durieux V, 2010, Radiology",[],,,,closed,[],[],,,"['Bibliometrics', 'Measure (data warehouse)', 'Quality (philosophy)', 'Productivity', 'Data science', 'Scientometrics', 'Set (abstract data type)', 'Management science', 'Medicine', 'Computer science', 'Library science', 'Data mining', 'Economics', 'Philosophy', 'Epistemology', 'Programming language', 'Macroeconomics']",[]
OpenAlex,https://openalex.org/W2106488040,10.1177/016555158300600105,,Bibliometric studies of research collaboration: A review,JOURNAL OF INFORMATION SCIENCE,Journal of Information Science,1983,review,en,889,['Subramanyam K'],['Krishna Subramanyam'],['Drexel University'],,"['https://openalex.org/W1821688283', 'https://openalex.org/W1985598743', 'https://openalex.org/W1996807062', 'https://openalex.org/W2009907256', 'https://openalex.org/W2019020697', 'https://openalex.org/W2060566459', 'https://openalex.org/W2072735417', 'https://openalex.org/W2079037792', 'https://openalex.org/W2099811601', 'https://openalex.org/W2131524214', 'https://openalex.org/W2159737986', 'https://openalex.org/W2318769499', 'https://openalex.org/W2762566243', 'https://openalex.org/W4239190597', 'https://openalex.org/W4251518915']","['Productivity', 'Knowledge management', 'Bibliometrics', 'Data science', 'Computer science', 'Library science']","['Productivity', 'Knowledge management', 'Bibliometrics', 'Data science', 'Computer science', 'Library science', 'Economics', 'Macroeconomics']","Scientific research is becoming an increasingly collaborative endeavour. The nature and magnitude of collaboration vary from one discipline to another, and depend upon such factors as the nature of the research problem, the research environ ment, and demographic factors. Earlier studies have shown a high degree of correlation between collaboration and research productivity, and between collaboration and financial support for research. The extent of collaboration cannot be easily determined by traditional methods of survey and observation. Bibliometric methods offer a convenient and non-reactive tool for studying collaboration in research. In this paper, several types of collaboration have been identified, and earlier research on collaboration has been reviewed. Further research is needed to refine the methods of defining and assessing collaboration and its impact on the organization of research and communica tion in science.",6,1,33,38,"Subramanyam K, 1983, Journal of Information Science",[],,,,closed,[],[],,,"['Productivity', 'Knowledge management', 'Bibliometrics', 'Data science', 'Computer science', 'Library science', 'Economics', 'Macroeconomics']",[]
OpenAlex,https://openalex.org/W1907286193,10.1002/asi.23329,,Growth rates of modern science: A bibliometric analysis based on the number of publications and cited references,JOURNAL OF THE ASSOCIATION FOR INFORMATION SCIENCE AND TECHNOLOGY,Journal of the Association for Information Science and Technology,2015,article,en,1500,"['Bornmann L', 'Mutz R']","['Lutz Bornmann', 'Rüdiger Mutz']","['Max Planck Society', 'Max Planck Innovation', 'ETH Zurich']",,"['https://openalex.org/W244360678', 'https://openalex.org/W1553185224', 'https://openalex.org/W1759895090', 'https://openalex.org/W1828228700', 'https://openalex.org/W1967359578', 'https://openalex.org/W1972225872', 'https://openalex.org/W1977862340', 'https://openalex.org/W1979116104', 'https://openalex.org/W1981747147', 'https://openalex.org/W1996820231', 'https://openalex.org/W2019435791', 'https://openalex.org/W2043241275', 'https://openalex.org/W2057954853', 'https://openalex.org/W2060183071', 'https://openalex.org/W2064527941', 'https://openalex.org/W2069544221', 'https://openalex.org/W2081716955', 'https://openalex.org/W2088209891', 'https://openalex.org/W2097914836', 'https://openalex.org/W2129750907', 'https://openalex.org/W2139282251', 'https://openalex.org/W2139770987', 'https://openalex.org/W2141001053', 'https://openalex.org/W2151813096', 'https://openalex.org/W2155594270', 'https://openalex.org/W2439022684', 'https://openalex.org/W2463336030', 'https://openalex.org/W2552942965', 'https://openalex.org/W4233370585', 'https://openalex.org/W4240696639', 'https://openalex.org/W4250810012']","['Bibliometrics', 'Web of science', 'Natural science', 'Computer science', 'Data science', 'Library science', 'Statistics', 'MEDLINE', 'Mathematics', 'Political science', 'Epistemology', 'Philosophy']","['Bibliometrics', 'Web of science', 'Natural science', 'Computer science', 'Data science', 'Library science', 'Statistics', 'MEDLINE', 'Mathematics', 'Political science', 'Epistemology', 'Philosophy', 'Law']","Many studies (in information science) have looked at the growth of science. In this study, we reexamine the question of the growth of science. To do this we (a) use current data up to publication year 2012 and (b) analyze the data across all disciplines and also separately for the natural sciences and for the medical and health sciences. Furthermore, the data were analyzed with an advanced statistical technique—segmented regression analysis—which can identify specific segments with similar growth rates in the history of science. The study is based on two different sets of bibliometric data: (a) the number of publications held as source items in the Web of Science ( WoS , T homson R euters) per publication year and (b) the number of cited references in the publications of the source items per cited reference year. We looked at the rate at which science has grown since the mid‐1600s. In our analysis of cited references we identified three essential growth phases in the development of science, which each led to growth rates tripling in comparison with the previous phase: from less than 1% up to the middle of the 18th century, to 2 to 3% up to the period between the two world wars, and 8 to 9% to 2010.",66,11,2215,2222,"Bornmann L, 2015, Journal of the Association for Information Science and Technology",[],,,,closed,[],[],,,"['Bibliometrics', 'Web of science', 'Natural science', 'Computer science', 'Data science', 'Library science', 'Statistics', 'MEDLINE', 'Mathematics', 'Political science', 'Epistemology', 'Philosophy', 'Law']",[]
OpenAlex,https://openalex.org/W2547578549,10.1016/j.annals.2016.10.006,,Bibliometric studies in tourism,ANNALS OF TOURISM RESEARCH,Annals of Tourism Research,2016,article,en,585,"['Köseoğlu MA', 'Rahimi R', 'Okumuş F', 'Liu J']","['Mehmet Ali Köseoğlu', 'Roya Rahimi', 'Fevzi Okumuş', 'Jingyan Liu']","['Hong Kong Polytechnic University', 'University of Wolverhampton', 'University of Central Florida', 'Sun Yat-sen University']",,"['https://openalex.org/W21760461', 'https://openalex.org/W55473955', 'https://openalex.org/W70304209', 'https://openalex.org/W134832313', 'https://openalex.org/W192816456', 'https://openalex.org/W570543911', 'https://openalex.org/W1199560934', 'https://openalex.org/W1481808374', 'https://openalex.org/W1484249495', 'https://openalex.org/W1484506127', 'https://openalex.org/W1485776303', 'https://openalex.org/W1491053145', 'https://openalex.org/W1517358304', 'https://openalex.org/W1517533049', 'https://openalex.org/W1525426993', 'https://openalex.org/W1529054962', 'https://openalex.org/W1538205560', 'https://openalex.org/W1556258326', 'https://openalex.org/W1573505057', 'https://openalex.org/W1586734017', 'https://openalex.org/W1598388315', 'https://openalex.org/W1624742101', 'https://openalex.org/W1664733105', 'https://openalex.org/W1719960929', 'https://openalex.org/W1724781128', 'https://openalex.org/W1757784488', 'https://openalex.org/W1762222441', 'https://openalex.org/W1775092738', 'https://openalex.org/W1892944188', 'https://openalex.org/W1963819845', 'https://openalex.org/W1964510804', 'https://openalex.org/W1964603628', 'https://openalex.org/W1964787105', 'https://openalex.org/W1966538856', 'https://openalex.org/W1966767648', 'https://openalex.org/W1966799123', 'https://openalex.org/W1967719219', 'https://openalex.org/W1967782866', 'https://openalex.org/W1969748350', 'https://openalex.org/W1969980479', 'https://openalex.org/W1970289200', 'https://openalex.org/W1970549348', 'https://openalex.org/W1970612524', 'https://openalex.org/W1971677617', 'https://openalex.org/W1973676769', 'https://openalex.org/W1973941029', 'https://openalex.org/W1974827871', 'https://openalex.org/W1975004645', 'https://openalex.org/W1975481210', 'https://openalex.org/W1977430153', 'https://openalex.org/W1980261238', 'https://openalex.org/W1980456465', 'https://openalex.org/W1981322204', 'https://openalex.org/W1981340255', 'https://openalex.org/W1981905578', 'https://openalex.org/W1982058432', 'https://openalex.org/W1982149803', 'https://openalex.org/W1983176708', 'https://openalex.org/W1986840207', 'https://openalex.org/W1988424935', 'https://openalex.org/W1990026694', 'https://openalex.org/W1990529276', 'https://openalex.org/W1991119149', 'https://openalex.org/W1992593170', 'https://openalex.org/W1995889545', 'https://openalex.org/W1998040366', 'https://openalex.org/W2001171582', 'https://openalex.org/W2001518080', 'https://openalex.org/W2001977543', 'https://openalex.org/W2002980242', 'https://openalex.org/W2004558107', 'https://openalex.org/W2005207065', 'https://openalex.org/W2005266476', 'https://openalex.org/W2005861988', 'https://openalex.org/W2005865037', 'https://openalex.org/W2006746888', 'https://openalex.org/W2006913709', 'https://openalex.org/W2009816359', 'https://openalex.org/W2009918649', 'https://openalex.org/W2010599172', 'https://openalex.org/W2010684265', 'https://openalex.org/W2012067965', 'https://openalex.org/W2013894091', 'https://openalex.org/W2014311693', 'https://openalex.org/W2014630793', 'https://openalex.org/W2014757837', 'https://openalex.org/W2015289818', 'https://openalex.org/W2015644278', 'https://openalex.org/W2017680781', 'https://openalex.org/W2017736983', 'https://openalex.org/W2017895307', 'https://openalex.org/W2018302516', 'https://openalex.org/W2018812877', 'https://openalex.org/W2019669963', 'https://openalex.org/W2021560506', 'https://openalex.org/W2022033196', 'https://openalex.org/W2022314239', 'https://openalex.org/W2023095973', 'https://openalex.org/W2023272478', 'https://openalex.org/W2025153904', 'https://openalex.org/W2025739588', 'https://openalex.org/W2025890299', 'https://openalex.org/W2025986292', 'https://openalex.org/W2026184656', 'https://openalex.org/W2028829515', 'https://openalex.org/W2029095234', 'https://openalex.org/W2029743919', 'https://openalex.org/W2030652951', 'https://openalex.org/W2032620895', 'https://openalex.org/W2034020738', 'https://openalex.org/W2034201819', 'https://openalex.org/W2036321710', 'https://openalex.org/W2037396085', 'https://openalex.org/W2037925493', 'https://openalex.org/W2037984760', 'https://openalex.org/W2038823910', 'https://openalex.org/W2038979686', 'https://openalex.org/W2039184034', 'https://openalex.org/W2039945333', 'https://openalex.org/W2040619623', 'https://openalex.org/W2040785889', 'https://openalex.org/W2041188286', 'https://openalex.org/W2041711461', 'https://openalex.org/W2041807494', 'https://openalex.org/W2043036227', 'https://openalex.org/W2044579600', 'https://openalex.org/W2045108252', 'https://openalex.org/W2045476927', 'https://openalex.org/W2046151644', 'https://openalex.org/W2046567031', 'https://openalex.org/W2047253947', 'https://openalex.org/W2048139803', 'https://openalex.org/W2048144855', 'https://openalex.org/W2049704103', 'https://openalex.org/W2049735583', 'https://openalex.org/W2051692439', 'https://openalex.org/W2052349318', 'https://openalex.org/W2052621985', 'https://openalex.org/W2053002758', 'https://openalex.org/W2053103790', 'https://openalex.org/W2053950078', 'https://openalex.org/W2054721096', 'https://openalex.org/W2056736095', 'https://openalex.org/W2058287650', 'https://openalex.org/W2058555385', 'https://openalex.org/W2058792312', 'https://openalex.org/W2059440885', 'https://openalex.org/W2060012520', 'https://openalex.org/W2060373825', 'https://openalex.org/W2062141136', 'https://openalex.org/W2062808279', 'https://openalex.org/W2062927696', 'https://openalex.org/W2063305504', 'https://openalex.org/W2066051901', 'https://openalex.org/W2068139671', 'https://openalex.org/W2068820786', 'https://openalex.org/W2069134922', 'https://openalex.org/W2069466246', 'https://openalex.org/W2070216874', 'https://openalex.org/W2072250519', 'https://openalex.org/W2072897447', 'https://openalex.org/W2073588509', 'https://openalex.org/W2074142545', 'https://openalex.org/W2074880870', 'https://openalex.org/W2074954027', 'https://openalex.org/W2076127497', 'https://openalex.org/W2076340074', 'https://openalex.org/W2077503449', 'https://openalex.org/W2078840529', 'https://openalex.org/W2079196879', 'https://openalex.org/W2079328540', 'https://openalex.org/W2080113620', 'https://openalex.org/W2080499983', 'https://openalex.org/W2080686841', 'https://openalex.org/W2081116992', 'https://openalex.org/W2083543617', 'https://openalex.org/W2084714371', 'https://openalex.org/W2084773904', 'https://openalex.org/W2085458796', 'https://openalex.org/W2086276250', 'https://openalex.org/W2086329155', 'https://openalex.org/W2087023459', 'https://openalex.org/W2088037265', 'https://openalex.org/W2088137384', 'https://openalex.org/W2089607056', 'https://openalex.org/W2089678445', 'https://openalex.org/W2090024454', 'https://openalex.org/W2090228622', 'https://openalex.org/W2090280134', 'https://openalex.org/W2091496194', 'https://openalex.org/W2091583710', 'https://openalex.org/W2091828649', 'https://openalex.org/W2092217908', 'https://openalex.org/W2094676961', 'https://openalex.org/W2095401342', 'https://openalex.org/W2095810090', 'https://openalex.org/W2099081637', 'https://openalex.org/W2100236021', 'https://openalex.org/W2100325244', 'https://openalex.org/W2100484636', 'https://openalex.org/W2105604197', 'https://openalex.org/W2106572956', 'https://openalex.org/W2108680868', 'https://openalex.org/W2109258978', 'https://openalex.org/W2109860234', 'https://openalex.org/W2112962610', 'https://openalex.org/W2113010811', 'https://openalex.org/W2115087452', 'https://openalex.org/W2116843572', 'https://openalex.org/W2120314461', 'https://openalex.org/W2121949194', 'https://openalex.org/W2124373514', 'https://openalex.org/W2124829377', 'https://openalex.org/W2128404453', 'https://openalex.org/W2129936978', 'https://openalex.org/W2131979225', 'https://openalex.org/W2132502269', 'https://openalex.org/W2132552031', 'https://openalex.org/W2133873745', 'https://openalex.org/W2134078124', 'https://openalex.org/W2135347099', 'https://openalex.org/W2135843757', 'https://openalex.org/W2135885100', 'https://openalex.org/W2136318258', 'https://openalex.org/W2136342072', 'https://openalex.org/W2137496221', 'https://openalex.org/W2138389835', 'https://openalex.org/W2138595551', 'https://openalex.org/W2140649623', 'https://openalex.org/W2140842113', 'https://openalex.org/W2141689377', 'https://openalex.org/W2143192685', 'https://openalex.org/W2144915368', 'https://openalex.org/W2146043150', 'https://openalex.org/W2148091239', 'https://openalex.org/W2149449335', 'https://openalex.org/W2153605392', 'https://openalex.org/W2158837983', 'https://openalex.org/W2159419130', 'https://openalex.org/W2159512086', 'https://openalex.org/W2161073469', 'https://openalex.org/W2161783859', 'https://openalex.org/W2162430746', 'https://openalex.org/W2164276724', 'https://openalex.org/W2164373338', 'https://openalex.org/W2164517205', 'https://openalex.org/W2164623173', 'https://openalex.org/W2165253984', 'https://openalex.org/W2167503089', 'https://openalex.org/W2167872491', 'https://openalex.org/W2168270117', 'https://openalex.org/W2168962926', 'https://openalex.org/W2171262985', 'https://openalex.org/W2171915060', 'https://openalex.org/W2172298937', 'https://openalex.org/W2174706414', 'https://openalex.org/W2203169022', 'https://openalex.org/W2257693002', 'https://openalex.org/W2309393944', 'https://openalex.org/W2335786536', 'https://openalex.org/W2337135216', 'https://openalex.org/W2339510487', 'https://openalex.org/W2481085392', 'https://openalex.org/W2754773284', 'https://openalex.org/W2924953657', 'https://openalex.org/W2950146322', 'https://openalex.org/W3124296721', 'https://openalex.org/W3125707221', 'https://openalex.org/W4231729317', 'https://openalex.org/W4255356361', 'https://openalex.org/W4285719527', 'https://openalex.org/W6602297138', 'https://openalex.org/W6616216366', 'https://openalex.org/W6668808327', 'https://openalex.org/W6680912567', 'https://openalex.org/W7064327664']","['Tourism', 'Regional science', 'Geography', 'Economic geography', 'Archaeology']","['Tourism', 'Regional science', 'Geography', 'Economic geography', 'Archaeology']",,61,,180,198,"Köseoğlu MA, 2016, Annals of Tourism Research",[],,,,green,[],[],,,"['Tourism', 'Regional science', 'Geography', 'Economic geography', 'Archaeology']",[]
OpenAlex,https://openalex.org/W2110562193,10.1177/0165551507087238,,Bibliometrics to webometrics,JOURNAL OF INFORMATION SCIENCE,Journal of Information Science,2008,article,en,502,['Thelwall M'],['Mike Thelwall'],['University of Wolverhampton'],,"['https://openalex.org/W13895634', 'https://openalex.org/W106820229', 'https://openalex.org/W135539389', 'https://openalex.org/W157126031', 'https://openalex.org/W238888144', 'https://openalex.org/W282661172', 'https://openalex.org/W283200890', 'https://openalex.org/W587149858', 'https://openalex.org/W1491139408', 'https://openalex.org/W1505284544', 'https://openalex.org/W1532348712', 'https://openalex.org/W1535560942', 'https://openalex.org/W1546460521', 'https://openalex.org/W1565569578', 'https://openalex.org/W1568669012', 'https://openalex.org/W1573641422', 'https://openalex.org/W1640247171', 'https://openalex.org/W1659541576', 'https://openalex.org/W1662723021', 'https://openalex.org/W1966538856', 'https://openalex.org/W1968797728', 'https://openalex.org/W1969949383', 'https://openalex.org/W1970559802', 'https://openalex.org/W1972458248', 'https://openalex.org/W1974106410', 'https://openalex.org/W1974814264', 'https://openalex.org/W1975856267', 'https://openalex.org/W1978071138', 'https://openalex.org/W1982149803', 'https://openalex.org/W1982381099', 'https://openalex.org/W1990373609', 'https://openalex.org/W1991000878', 'https://openalex.org/W1991656460', 'https://openalex.org/W1993451046', 'https://openalex.org/W1994483821', 'https://openalex.org/W2000866189', 'https://openalex.org/W2002034968', 'https://openalex.org/W2005207065', 'https://openalex.org/W2008388219', 'https://openalex.org/W2008620264', 'https://openalex.org/W2008911773', 'https://openalex.org/W2009405785', 'https://openalex.org/W2010684265', 'https://openalex.org/W2013723863', 'https://openalex.org/W2021314079', 'https://openalex.org/W2021496956', 'https://openalex.org/W2022122406', 'https://openalex.org/W2022465172', 'https://openalex.org/W2023754051', 'https://openalex.org/W2023819028', 'https://openalex.org/W2031160476', 'https://openalex.org/W2037933327', 'https://openalex.org/W2039439167', 'https://openalex.org/W2041258965', 'https://openalex.org/W2043976122', 'https://openalex.org/W2048538744', 'https://openalex.org/W2049169605', 'https://openalex.org/W2053549370', 'https://openalex.org/W2053928690', 'https://openalex.org/W2061312249', 'https://openalex.org/W2066636486', 'https://openalex.org/W2069613886', 'https://openalex.org/W2072895661', 'https://openalex.org/W2077217220', 'https://openalex.org/W2077451392', 'https://openalex.org/W2080450835', 'https://openalex.org/W2080524170', 'https://openalex.org/W2083112004', 'https://openalex.org/W2083802403', 'https://openalex.org/W2092669241', 'https://openalex.org/W2094913712', 'https://openalex.org/W2095271263', 'https://openalex.org/W2097580385', 'https://openalex.org/W2100047082', 'https://openalex.org/W2100117397', 'https://openalex.org/W2101055571', 'https://openalex.org/W2101287943', 'https://openalex.org/W2104855757', 'https://openalex.org/W2105326496', 'https://openalex.org/W2106336702', 'https://openalex.org/W2107972503', 'https://openalex.org/W2110668139', 'https://openalex.org/W2111879313', 'https://openalex.org/W2113889316', 'https://openalex.org/W2115748934', 'https://openalex.org/W2116032757', 'https://openalex.org/W2117331411', 'https://openalex.org/W2118009636', 'https://openalex.org/W2127495631', 'https://openalex.org/W2128272742', 'https://openalex.org/W2128438887', 'https://openalex.org/W2131172024', 'https://openalex.org/W2132631086', 'https://openalex.org/W2143928329', 'https://openalex.org/W2147854962', 'https://openalex.org/W2158058396', 'https://openalex.org/W2167419936', 'https://openalex.org/W2169187320', 'https://openalex.org/W2175110005', 'https://openalex.org/W2221874600', 'https://openalex.org/W2292787617', 'https://openalex.org/W2315404267', 'https://openalex.org/W2321470647', 'https://openalex.org/W2912659123', 'https://openalex.org/W2955471778', 'https://openalex.org/W3101507098', 'https://openalex.org/W3106316009', 'https://openalex.org/W3123181842', 'https://openalex.org/W3129913884', 'https://openalex.org/W3186861947', 'https://openalex.org/W3202243234', 'https://openalex.org/W4211177367', 'https://openalex.org/W4233744313', 'https://openalex.org/W4238591974', 'https://openalex.org/W4244719198', 'https://openalex.org/W4250708312', 'https://openalex.org/W4253523554', 'https://openalex.org/W4253729173', 'https://openalex.org/W4255356361', 'https://openalex.org/W4255561580', 'https://openalex.org/W4256681118', 'https://openalex.org/W4292887282', 'https://openalex.org/W4299486612']","['Webometrics', 'Bibliometrics', 'Citation', 'Citation analysis', 'Scientometrics', 'Data science', 'Altmetrics', 'Science Citation Index', 'Library science', 'Computer science']","['Webometrics', 'Bibliometrics', 'Citation', 'Citation analysis', 'Scientometrics', 'Data science', 'Altmetrics', 'Science Citation Index', 'Library science', 'Computer science']","Bibliometrics has changed out of all recognition since 1958; becoming established as a field, being taught widely in library and information science schools, and being at the core of a number of science evaluation research groups around the world. This was all made possible by the work of Eugene Garfield and his Science Citation Index. This article reviews the distance that bibliometrics has travelled since 1958 by comparing early bibliometrics with current practice, and by giving an overview of a range of recent developments, such as patent analysis, national research evaluation exercises, visualization techniques, new applications, online citation indexes, and the creation of digital libraries. Webometrics, a modern, fast-growing offshoot of bibliometrics, is reviewed in detail. Finally, future prospects are discussed with regard to both bibliometrics and webometrics.",34,4,605,621,"Thelwall M, 2008, Journal of Information Science",[],,,,closed,[],[],,,"['Webometrics', 'Bibliometrics', 'Citation', 'Citation analysis', 'Scientometrics', 'Data science', 'Altmetrics', 'Science Citation Index', 'Library science', 'Computer science']",[]
OpenAlex,https://openalex.org/W2088037265,10.1002/smj.397,,"Changes in the intellectual structure of strategic management research: a bibliometric study of the <i>Strategic Management Journal</i> , 1980–2000",STRATEGIC MANAGEMENT JOURNAL,Strategic Management Journal,2004,article,en,1601,"['Ramos-Rodríguez AR', 'Ruíz‐Navarro J']","['Antonio Rafael Ramos-Rodríguez', 'José Ruíz‐Navarro']","['Universidad de Cádiz', 'Universidad de Cádiz']",,"['https://openalex.org/W12441665', 'https://openalex.org/W77666782', 'https://openalex.org/W125895122', 'https://openalex.org/W192816456', 'https://openalex.org/W224952416', 'https://openalex.org/W617038684', 'https://openalex.org/W654384793', 'https://openalex.org/W1497947628', 'https://openalex.org/W1498488428', 'https://openalex.org/W1504129344', 'https://openalex.org/W1517602275', 'https://openalex.org/W1553693546', 'https://openalex.org/W1566172004', 'https://openalex.org/W1572028428', 'https://openalex.org/W1650431508', 'https://openalex.org/W1882117757', 'https://openalex.org/W1906944042', 'https://openalex.org/W1966538856', 'https://openalex.org/W1969142502', 'https://openalex.org/W1969973241', 'https://openalex.org/W1971422112', 'https://openalex.org/W1973308529', 'https://openalex.org/W1978687871', 'https://openalex.org/W1980393914', 'https://openalex.org/W1985453879', 'https://openalex.org/W1987151727', 'https://openalex.org/W1990333450', 'https://openalex.org/W1991765332', 'https://openalex.org/W1996216743', 'https://openalex.org/W1997528791', 'https://openalex.org/W1999551228', 'https://openalex.org/W2005207065', 'https://openalex.org/W2005669495', 'https://openalex.org/W2011341343', 'https://openalex.org/W2016390327', 'https://openalex.org/W2022738881', 'https://openalex.org/W2028436159', 'https://openalex.org/W2031970025', 'https://openalex.org/W2032773319', 'https://openalex.org/W2033614115', 'https://openalex.org/W2034703208', 'https://openalex.org/W2037894668', 'https://openalex.org/W2038078580', 'https://openalex.org/W2040198418', 'https://openalex.org/W2051416754', 'https://openalex.org/W2055034160', 'https://openalex.org/W2060827592', 'https://openalex.org/W2061977616', 'https://openalex.org/W2063107273', 'https://openalex.org/W2068155429', 'https://openalex.org/W2068367148', 'https://openalex.org/W2068805170', 'https://openalex.org/W2070335567', 'https://openalex.org/W2072897447', 'https://openalex.org/W2073608660', 'https://openalex.org/W2079744324', 'https://openalex.org/W2084773904', 'https://openalex.org/W2099670044', 'https://openalex.org/W2101946146', 'https://openalex.org/W2108767715', 'https://openalex.org/W2108795964', 'https://openalex.org/W2111300188', 'https://openalex.org/W2111899159', 'https://openalex.org/W2117791669', 'https://openalex.org/W2122679534', 'https://openalex.org/W2126186544', 'https://openalex.org/W2129936978', 'https://openalex.org/W2137358449', 'https://openalex.org/W2139981886', 'https://openalex.org/W2140956556', 'https://openalex.org/W2152825437', 'https://openalex.org/W2167915553', 'https://openalex.org/W2330277600', 'https://openalex.org/W2334108254', 'https://openalex.org/W2334962475', 'https://openalex.org/W2401615420', 'https://openalex.org/W2517191172', 'https://openalex.org/W2570352286', 'https://openalex.org/W2642534790', 'https://openalex.org/W2752617332', 'https://openalex.org/W2811485533', 'https://openalex.org/W3023073054', 'https://openalex.org/W3121736426', 'https://openalex.org/W3122093892', 'https://openalex.org/W3123035919', 'https://openalex.org/W3123733296', 'https://openalex.org/W3124201178', 'https://openalex.org/W3124536214', 'https://openalex.org/W3125349408', 'https://openalex.org/W3196358336', 'https://openalex.org/W3216833688', 'https://openalex.org/W4206974822', 'https://openalex.org/W4231729317', 'https://openalex.org/W4237045180', 'https://openalex.org/W4242278004', 'https://openalex.org/W4254039837', 'https://openalex.org/W4285719527', 'https://openalex.org/W4300192888', 'https://openalex.org/W4300406793', 'https://openalex.org/W6603081353', 'https://openalex.org/W6634024652']","['Citation', 'Strategic management', 'Citation analysis', 'Bibliometrics', 'Bibliographic coupling', 'Business', 'Knowledge management', 'Sociology', 'Management', 'Computer science', 'Library science', 'Marketing', 'Economics']","['Citation', 'Strategic management', 'Citation analysis', 'Bibliometrics', 'Bibliographic coupling', 'Business', 'Knowledge management', 'Sociology', 'Management', 'Computer science', 'Library science', 'Marketing', 'Economics']","Abstract The aim of this paper is to identify the works that have had the greatest impact on strategic management research and to analyze the changes that have taken place in the intellectual structure of this discipline. The methodology is based on the bibliometric techniques of citation and co‐citation analysis which are applied to all the articles published in the Strategic Management Journal from its first issue in 1980 through 2000. Copyright © 2004 John Wiley &amp; Sons, Ltd.",25,10,981,1004,"Ramos-Rodríguez AR, 2004, Strategic Management Journal",[],,,,bronze,[],[],,,"['Citation', 'Strategic management', 'Citation analysis', 'Bibliometrics', 'Bibliographic coupling', 'Business', 'Knowledge management', 'Sociology', 'Management', 'Computer science', 'Library science', 'Marketing', 'Economics']",[]
OpenAlex,https://openalex.org/W3003683721,10.1111/hir.12295,31995273,Application of bibliometrics in medicine: a historical bibliometrics analysis,HEALTH INFORMATION & LIBRARIES JOURNAL,Health Information & Libraries Journal,2020,article,en,456,"['Kokol P', 'Vošner HB', 'Završnik J']","['Peter Kokol', 'Helena Blažun Vošner', 'Jernej Završnik']","['University of Maribor', 'Zdravstveni dom dr. Adolfa Drolca Maribor', 'Šolski center Slovenj Gradec', 'Zdravstveni dom dr. Adolfa Drolca Maribor']",,"['https://openalex.org/W42430539', 'https://openalex.org/W417056963', 'https://openalex.org/W1499206742', 'https://openalex.org/W1538023354', 'https://openalex.org/W1546171873', 'https://openalex.org/W1569584939', 'https://openalex.org/W1678171433', 'https://openalex.org/W1696956904', 'https://openalex.org/W1970859146', 'https://openalex.org/W1980546536', 'https://openalex.org/W1983029479', 'https://openalex.org/W1986759740', 'https://openalex.org/W1996374906', 'https://openalex.org/W2001252852', 'https://openalex.org/W2004434228', 'https://openalex.org/W2026273736', 'https://openalex.org/W2052927681', 'https://openalex.org/W2053549370', 'https://openalex.org/W2060183071', 'https://openalex.org/W2068407715', 'https://openalex.org/W2068559312', 'https://openalex.org/W2069656088', 'https://openalex.org/W2070662262', 'https://openalex.org/W2071158498', 'https://openalex.org/W2081395543', 'https://openalex.org/W2082287442', 'https://openalex.org/W2083840256', 'https://openalex.org/W2088683008', 'https://openalex.org/W2093765943', 'https://openalex.org/W2097914836', 'https://openalex.org/W2100482023', 'https://openalex.org/W2105643737', 'https://openalex.org/W2106854075', 'https://openalex.org/W2113037525', 'https://openalex.org/W2120109270', 'https://openalex.org/W2123235074', 'https://openalex.org/W2128438887', 'https://openalex.org/W2132631086', 'https://openalex.org/W2133457175', 'https://openalex.org/W2140283616', 'https://openalex.org/W2150220236', 'https://openalex.org/W2154525811', 'https://openalex.org/W2163978340', 'https://openalex.org/W2165208477', 'https://openalex.org/W2168562921', 'https://openalex.org/W2195335829', 'https://openalex.org/W2272802225', 'https://openalex.org/W2275696275', 'https://openalex.org/W2295116982', 'https://openalex.org/W2303318663', 'https://openalex.org/W2316904474', 'https://openalex.org/W2324080174', 'https://openalex.org/W2332050131', 'https://openalex.org/W2334424438', 'https://openalex.org/W2427016351', 'https://openalex.org/W2463095032', 'https://openalex.org/W2554968804', 'https://openalex.org/W2555315083', 'https://openalex.org/W2555930919', 'https://openalex.org/W2562289545', 'https://openalex.org/W2579048213', 'https://openalex.org/W2594212486', 'https://openalex.org/W2607492271', 'https://openalex.org/W2620528469', 'https://openalex.org/W2625361791', 'https://openalex.org/W2731892214', 'https://openalex.org/W2734276373', 'https://openalex.org/W2746395647', 'https://openalex.org/W2761119346', 'https://openalex.org/W2771850891', 'https://openalex.org/W2781180031', 'https://openalex.org/W2784045614', 'https://openalex.org/W2799974245', 'https://openalex.org/W2800283416', 'https://openalex.org/W2801147303', 'https://openalex.org/W2808494452', 'https://openalex.org/W2859748477', 'https://openalex.org/W2884142590', 'https://openalex.org/W2892297496', 'https://openalex.org/W2897110977', 'https://openalex.org/W2898057422', 'https://openalex.org/W2907072417', 'https://openalex.org/W2912429932', 'https://openalex.org/W2921706593', 'https://openalex.org/W2938465396', 'https://openalex.org/W2948464760', 'https://openalex.org/W2964110746', 'https://openalex.org/W4210615750', 'https://openalex.org/W4231988333', 'https://openalex.org/W4238243588', 'https://openalex.org/W4251717956', 'https://openalex.org/W6634076484', 'https://openalex.org/W6678379673', 'https://openalex.org/W6693945884', 'https://openalex.org/W6695147765', 'https://openalex.org/W6845083439', 'https://openalex.org/W6987676213']","['Bibliometrics', 'Scopus', 'Trend analysis', 'Data science', 'MEDLINE', 'Library science', 'Computer science', 'Biology']","['Bibliometrics', 'Scopus', 'Trend analysis', 'Data science', 'MEDLINE', 'Library science', 'Computer science', 'Biology', 'Machine learning', 'Biochemistry']","BACKGROUND: The application of bibliometrics in medicine enables one to analyse vast amounts of publications and their production patterns on macroscopic and microscopic levels. OBJECTIVES: The aim of the study was to analyse the historical perspective of research literature production regarding application of bibliometrics in medicine. METHODS: Publications related to application of bibliometrics in medicine from 1970 to 2018 were harvested from the Scopus bibliographic database. Reference Publication Year Spectroscopy was triangulated with the VOSViewer to identify historical roots and evolution of topics and clinical areas. RESULTS: The search resulted in 6557 publications. The literature production trend was positive. Historical roots analysis identified 33 historical roots and 16 clinical areas where bibliometrics was applied. DISCUSSION: The increase in productivity in application of bibliometrics in medicine might be attributed to increased use of quantitative metrics in research evaluation, publish or perish phenomenon and the increased use of evidence-based medicine. CONCLUSION: The trend of the literature production was positive. Medicine was in the forefront of knowledge development in bibliometrics. reference publication year spectroscopy proved to be an accurate method which was able to identify most of the historical roots.",38,2,125,138,"Kokol P, 2020, Health Information & Libraries Journal",[],,,,closed,[],[],,,"['Bibliometrics', 'Scopus', 'Trend analysis', 'Data science', 'MEDLINE', 'Library science', 'Computer science', 'Biology', 'Machine learning', 'Biochemistry']",[]
OpenAlex,https://openalex.org/W2563961554,10.1016/j.omega.2016.12.004,,A bibliometric analysis of operations research and management science,OMEGA,Omega,2016,article,en,720,"['Merigó JM', 'Yang J']","['José M. Merigó', 'Jianbo Yang']","['University of Manchester', 'University of Chile', 'University of Manchester']",,"['https://openalex.org/W1743190515', 'https://openalex.org/W1789375166', 'https://openalex.org/W1856837095', 'https://openalex.org/W1902396167', 'https://openalex.org/W1982126403', 'https://openalex.org/W1982564000', 'https://openalex.org/W1985282759', 'https://openalex.org/W1986828047', 'https://openalex.org/W1987311106', 'https://openalex.org/W1989494022', 'https://openalex.org/W1992873183', 'https://openalex.org/W1994203673', 'https://openalex.org/W1996933319', 'https://openalex.org/W2004542657', 'https://openalex.org/W2007229395', 'https://openalex.org/W2015846187', 'https://openalex.org/W2019363470', 'https://openalex.org/W2036575376', 'https://openalex.org/W2043350011', 'https://openalex.org/W2044729926', 'https://openalex.org/W2050380178', 'https://openalex.org/W2054804953', 'https://openalex.org/W2055780695', 'https://openalex.org/W2055994659', 'https://openalex.org/W2058391311', 'https://openalex.org/W2059688530', 'https://openalex.org/W2070242399', 'https://openalex.org/W2073305391', 'https://openalex.org/W2076252304', 'https://openalex.org/W2092815043', 'https://openalex.org/W2093707587', 'https://openalex.org/W2126807485', 'https://openalex.org/W2127545852', 'https://openalex.org/W2128438887', 'https://openalex.org/W2137174507', 'https://openalex.org/W2146570554', 'https://openalex.org/W2160605904', 'https://openalex.org/W2161073469', 'https://openalex.org/W2162064622', 'https://openalex.org/W2168564181', 'https://openalex.org/W2170052558', 'https://openalex.org/W2171915060', 'https://openalex.org/W2245980865', 'https://openalex.org/W2268192841', 'https://openalex.org/W2402806665', 'https://openalex.org/W3121805056', 'https://openalex.org/W4230394287']","['Web of science', 'Bibliometrics', 'Field (mathematics)', 'Data science', 'Computer science', 'Library science', 'Management science', 'Political science', 'Engineering', 'MEDLINE', 'Mathematics']","['Web of science', 'Bibliometrics', 'Field (mathematics)', 'Data science', 'Computer science', 'Library science', 'Management science', 'Political science', 'Engineering', 'MEDLINE', 'Mathematics', 'Pure mathematics', 'Law']",,73,,37,48,"Merigó JM, 2016, Omega",[],,,,green,[],[],,,"['Web of science', 'Bibliometrics', 'Field (mathematics)', 'Data science', 'Computer science', 'Library science', 'Management science', 'Political science', 'Engineering', 'MEDLINE', 'Mathematics', 'Pure mathematics', 'Law']",[]
OpenAlex,https://openalex.org/W4399882939,10.3390/encyclopedia4020065,,Bibliometric Analysis: The Main Steps,ENCYCLOPEDIA,Encyclopedia,2024,article,en,582,['Passas I'],['Ioannis Passas'],['Hellenic Mediterranean University'],,"['https://openalex.org/W134224908', 'https://openalex.org/W1021000864', 'https://openalex.org/W1801585344', 'https://openalex.org/W2012932483', 'https://openalex.org/W2034993557', 'https://openalex.org/W2039457532', 'https://openalex.org/W2069656088', 'https://openalex.org/W2075961646', 'https://openalex.org/W2080450835', 'https://openalex.org/W2107328434', 'https://openalex.org/W2121854318', 'https://openalex.org/W2123455699', 'https://openalex.org/W2132631086', 'https://openalex.org/W2135216654', 'https://openalex.org/W2150220236', 'https://openalex.org/W2275696275', 'https://openalex.org/W2288281658', 'https://openalex.org/W2289449021', 'https://openalex.org/W2411890831', 'https://openalex.org/W2561744754', 'https://openalex.org/W2563961554', 'https://openalex.org/W2574572133', 'https://openalex.org/W2740850297', 'https://openalex.org/W2755950973', 'https://openalex.org/W2791050802', 'https://openalex.org/W2888513991', 'https://openalex.org/W2964523010', 'https://openalex.org/W2990450011', 'https://openalex.org/W3029757114', 'https://openalex.org/W3038273726', 'https://openalex.org/W3046169865', 'https://openalex.org/W3067119165', 'https://openalex.org/W3093804023', 'https://openalex.org/W3108252711', 'https://openalex.org/W3117937810', 'https://openalex.org/W3122221459', 'https://openalex.org/W3125707221', 'https://openalex.org/W3127092157', 'https://openalex.org/W3134873865', 'https://openalex.org/W3160856016', 'https://openalex.org/W3174605565', 'https://openalex.org/W3186948796', 'https://openalex.org/W4220653365', 'https://openalex.org/W4225275339', 'https://openalex.org/W4239105249', 'https://openalex.org/W4281264016', 'https://openalex.org/W4285033254', 'https://openalex.org/W4304184285', 'https://openalex.org/W4312180825', 'https://openalex.org/W4313585309', 'https://openalex.org/W4366178713', 'https://openalex.org/W4380368827', 'https://openalex.org/W4396580897', 'https://openalex.org/W6695147765', 'https://openalex.org/W6747864556', 'https://openalex.org/W6782121481', 'https://openalex.org/W6798821676']","['Data science', 'Bibliometrics', 'Computer science', 'Field (mathematics)', 'Identification (biology)', 'Citation analysis', 'Scientific literature', 'Management science', 'Information retrieval', 'Data mining', 'Citation', 'Library science', 'Engineering', 'Mathematics']","['Data science', 'Bibliometrics', 'Computer science', 'Field (mathematics)', 'Identification (biology)', 'Citation analysis', 'Scientific literature', 'Management science', 'Information retrieval', 'Data mining', 'Citation', 'Library science', 'Engineering', 'Mathematics', 'Biology', 'Botany', 'Paleontology', 'Pure mathematics']","Bibliometric analysis is a systematic study carried out on scientific literature for the identification of patterns, trends, and impact within a certain field. Major steps include data collection from relevant databases, data cleaning and refining, and subjecting data to various bibliometric methods—an ensuing step in the generation of meaningful information. Bibliometric analysis is an increasingly popular and thorough technique for examining and assessing massive amounts of scientific data, which is being used more and more in research. This entry thoroughly introduces bibliometric methodology, emphasizing its numerous methodologies. It also provides a set of reliable, step-by-step instructions for confidently performing bibliometric analysis. Furthermore, we investigate the suitable use of bibliometric analysis as an alternative to systematic literature reviews. This entry aims to be a useful tool for learning about the methods and approaches that may be used to perform research studies that use bibliometric analysis, particularly in the fields of academic study.",4,2,1014,1025,"Passas I, 2024, Encyclopedia",[],,,,gold,[],[],,,"['Data science', 'Bibliometrics', 'Computer science', 'Field (mathematics)', 'Identification (biology)', 'Citation analysis', 'Scientific literature', 'Management science', 'Information retrieval', 'Data mining', 'Citation', 'Library science', 'Engineering', 'Mathematics', 'Biology', 'Botany', 'Paleontology', 'Pure mathematics']",[]
OpenAlex,https://openalex.org/W2953107155,10.1002/asi.21421,,A comparison of two techniques for bibliometric mapping: Multidimensional scaling and VOS,JOURNAL OF THE AMERICAN SOCIETY FOR INFORMATION SCIENCE AND TECHNOLOGY,Journal of the American Society for Information Science and Technology,2010,article,en,865,"['Eck NJV', 'Waltman L', 'Dekker R', 'Berg JVD']","['Nees Jan van Eck', 'Ludo Waltman', 'Rommert Dekker', 'Jan van den Berg']","['Leiden University', 'Erasmus University Rotterdam', 'Leiden University', 'Erasmus University Rotterdam', 'Erasmus University Rotterdam', 'Delft University of Technology']",,"['https://openalex.org/W64884043', 'https://openalex.org/W1490910537', 'https://openalex.org/W1493587055', 'https://openalex.org/W1550335805', 'https://openalex.org/W1559665635', 'https://openalex.org/W1704958401', 'https://openalex.org/W1749485691', 'https://openalex.org/W1963574054', 'https://openalex.org/W1966538856', 'https://openalex.org/W1969454908', 'https://openalex.org/W1974172838', 'https://openalex.org/W1975409653', 'https://openalex.org/W1984042645', 'https://openalex.org/W1989669128', 'https://openalex.org/W1992657871', 'https://openalex.org/W1995529308', 'https://openalex.org/W1995587687', 'https://openalex.org/W1998040366', 'https://openalex.org/W2002227306', 'https://openalex.org/W2008331969', 'https://openalex.org/W2020575780', 'https://openalex.org/W2036955834', 'https://openalex.org/W2037933327', 'https://openalex.org/W2045108252', 'https://openalex.org/W2048952179', 'https://openalex.org/W2049094627', 'https://openalex.org/W2057720927', 'https://openalex.org/W2065573974', 'https://openalex.org/W2072897447', 'https://openalex.org/W2075220720', 'https://openalex.org/W2076533762', 'https://openalex.org/W2081531484', 'https://openalex.org/W2096123611', 'https://openalex.org/W2097308346', 'https://openalex.org/W2100080715', 'https://openalex.org/W2100484636', 'https://openalex.org/W2101478855', 'https://openalex.org/W2106163721', 'https://openalex.org/W2106336702', 'https://openalex.org/W2116411927', 'https://openalex.org/W2129800764', 'https://openalex.org/W2129936978', 'https://openalex.org/W2134312057', 'https://openalex.org/W2148398225', 'https://openalex.org/W2150220236', 'https://openalex.org/W2158342607', 'https://openalex.org/W2167482691', 'https://openalex.org/W2168865631', 'https://openalex.org/W2170055001', 'https://openalex.org/W2571077957', 'https://openalex.org/W2963453445', 'https://openalex.org/W3098217728', 'https://openalex.org/W3121267476', 'https://openalex.org/W3122100588', 'https://openalex.org/W3123181842', 'https://openalex.org/W3123636951', 'https://openalex.org/W3125534699', 'https://openalex.org/W3216833688', 'https://openalex.org/W4205622916', 'https://openalex.org/W4236075453', 'https://openalex.org/W4243208282', 'https://openalex.org/W4252316495', 'https://openalex.org/W4255727490', 'https://openalex.org/W6602632570', 'https://openalex.org/W6640918020']","['Multidimensional scaling', 'Computer science', 'Relation (database)', 'Representation (politics)', 'Data mining', 'Scaling', 'Multidimensional data', 'Information retrieval', 'Mathematics', 'Machine learning']","['Multidimensional scaling', 'Computer science', 'Relation (database)', 'Representation (politics)', 'Data mining', 'Scaling', 'Multidimensional data', 'Information retrieval', 'Mathematics', 'Machine learning', 'Geometry', 'Law', 'Political science', 'Politics']","Abstract VOS is a new mapping technique that can serve as an alternative to the well‐known technique of multidimensional scaling (MDS). We present an extensive comparison between the use of MDS and the use of VOS for constructing bibliometric maps. In our theoretical analysis, we show the mathematical relation between the two techniques. In our empirical analysis, we use the techniques for constructing maps of authors, journals, and keywords. Two commonly used approaches to bibliometric mapping, both based on MDS, turn out to produce maps that suffer from artifacts. Maps constructed using VOS turn out not to have this problem. We conclude that in general maps constructed using VOS provide a more satisfactory representation of a dataset than maps constructed using well‐known MDS approaches.",61,12,2405,2416,"Eck NJV, 2010, Journal of the American Society for Information Science and Technology",[],,,,green,[],[],,,"['Multidimensional scaling', 'Computer science', 'Relation (database)', 'Representation (politics)', 'Data mining', 'Scaling', 'Multidimensional data', 'Information retrieval', 'Mathematics', 'Machine learning', 'Geometry', 'Law', 'Political science', 'Politics']",[]
OpenAlex,https://openalex.org/W2990450011,10.1016/j.jbusres.2019.10.039,,Forty-five years of Journal of Business Research: A bibliometric analysis,JOURNAL OF BUSINESS RESEARCH,Journal of Business Research,2019,article,en,920,"['Donthu N', 'Kumar S', 'Pattnaik D']","['Naveen Donthu', 'Satish Kumar', 'Debidutta Pattnaik']","['Georgia State University', 'Malaviya National Institute of Technology Jaipur', 'Malaviya National Institute of Technology Jaipur']",,"['https://openalex.org/W324390490', 'https://openalex.org/W1556178170', 'https://openalex.org/W1593786746', 'https://openalex.org/W1607573915', 'https://openalex.org/W1748004804', 'https://openalex.org/W1963595774', 'https://openalex.org/W1968283201', 'https://openalex.org/W1970859146', 'https://openalex.org/W1973333957', 'https://openalex.org/W1974722912', 'https://openalex.org/W1978071138', 'https://openalex.org/W1978466266', 'https://openalex.org/W1978831529', 'https://openalex.org/W1982008157', 'https://openalex.org/W1984827951', 'https://openalex.org/W1987858143', 'https://openalex.org/W1997321313', 'https://openalex.org/W2005207065', 'https://openalex.org/W2005706022', 'https://openalex.org/W2008284276', 'https://openalex.org/W2016667061', 'https://openalex.org/W2017233206', 'https://openalex.org/W2017680781', 'https://openalex.org/W2024924955', 'https://openalex.org/W2027433337', 'https://openalex.org/W2031564884', 'https://openalex.org/W2037955071', 'https://openalex.org/W2041724968', 'https://openalex.org/W2043379133', 'https://openalex.org/W2043719364', 'https://openalex.org/W2044295972', 'https://openalex.org/W2052040437', 'https://openalex.org/W2055570665', 'https://openalex.org/W2056149633', 'https://openalex.org/W2065407506', 'https://openalex.org/W2069134922', 'https://openalex.org/W2086157089', 'https://openalex.org/W2091957194', 'https://openalex.org/W2095727324', 'https://openalex.org/W2105292964', 'https://openalex.org/W2119757170', 'https://openalex.org/W2125910575', 'https://openalex.org/W2126027265', 'https://openalex.org/W2128438887', 'https://openalex.org/W2154482656', 'https://openalex.org/W2156936111', 'https://openalex.org/W2161246478', 'https://openalex.org/W2167872491', 'https://openalex.org/W2186648202', 'https://openalex.org/W2191867853', 'https://openalex.org/W2275696275', 'https://openalex.org/W2309393944', 'https://openalex.org/W2312175383', 'https://openalex.org/W2565408710', 'https://openalex.org/W2574572133', 'https://openalex.org/W2592542840', 'https://openalex.org/W2709134447', 'https://openalex.org/W2785537869', 'https://openalex.org/W2802685835', 'https://openalex.org/W2896298459', 'https://openalex.org/W2898861515', 'https://openalex.org/W2912640270', 'https://openalex.org/W2921067348', 'https://openalex.org/W2991906434', 'https://openalex.org/W6635547792', 'https://openalex.org/W6679070811', 'https://openalex.org/W6695147765', 'https://openalex.org/W6746633664']","['Publishing', 'Bibliometrics', 'Empirical research', 'Computer science', 'Library science', 'Political science']","['Publishing', 'Bibliometrics', 'Empirical research', 'Computer science', 'Library science', 'Political science', 'Philosophy', 'Law', 'Epistemology']",,109,,1,14,"Donthu N, 2019, Journal of Business Research",[],,,,closed,[],[],,,"['Publishing', 'Bibliometrics', 'Empirical research', 'Computer science', 'Library science', 'Political science', 'Philosophy', 'Law', 'Epistemology']",[]
OpenAlex,https://openalex.org/W4280610169,10.1016/j.compag.2022.107017,,Drones in agriculture: A review and bibliometric analysis,COMPUTERS AND ELECTRONICS IN AGRICULTURE,Computers and Electronics in Agriculture,2022,review,en,641,"['Rejeb A', 'Abdollahi A', 'Rejeb K', 'Treiblmaier H']","['Abderahman Rejeb', 'Alireza Abdollahi', 'Karim Rejeb', 'Horst Treiblmaier']","['University of Rome Tor Vergata', 'Kharazmi University', 'University of Carthage', 'MODUL University Vienna']",,"['https://openalex.org/W30209551', 'https://openalex.org/W82576261', 'https://openalex.org/W982801857', 'https://openalex.org/W1123106775', 'https://openalex.org/W1200922351', 'https://openalex.org/W1442930683', 'https://openalex.org/W1462825729', 'https://openalex.org/W1518672027', 'https://openalex.org/W1559528524', 'https://openalex.org/W1577297395', 'https://openalex.org/W1594573182', 'https://openalex.org/W1645840676', 'https://openalex.org/W1848144067', 'https://openalex.org/W1871840861', 'https://openalex.org/W1955749066', 'https://openalex.org/W1966538856', 'https://openalex.org/W1966579280', 'https://openalex.org/W1968314959', 'https://openalex.org/W1968565953', 'https://openalex.org/W1969234587', 'https://openalex.org/W1978331315', 'https://openalex.org/W1979086491', 'https://openalex.org/W1979329989', 'https://openalex.org/W1980140622', 'https://openalex.org/W1980467157', 'https://openalex.org/W1985345354', 'https://openalex.org/W1989600108', 'https://openalex.org/W1991739869', 'https://openalex.org/W1996933319', 'https://openalex.org/W2002008272', 'https://openalex.org/W2005207065', 'https://openalex.org/W2005404611', 'https://openalex.org/W2006588449', 'https://openalex.org/W2009918649', 'https://openalex.org/W2012816307', 'https://openalex.org/W2016718980', 'https://openalex.org/W2019400639', 'https://openalex.org/W2022193520', 'https://openalex.org/W2030083859', 'https://openalex.org/W2030843614', 'https://openalex.org/W2039409148', 'https://openalex.org/W2040403200', 'https://openalex.org/W2042553430', 'https://openalex.org/W2054397552', 'https://openalex.org/W2055186043', 'https://openalex.org/W2059862423', 'https://openalex.org/W2062982970', 'https://openalex.org/W2063472265', 'https://openalex.org/W2064636932', 'https://openalex.org/W2068139671', 'https://openalex.org/W2069209512', 'https://openalex.org/W2071190035', 'https://openalex.org/W2071427061', 'https://openalex.org/W2071525319', 'https://openalex.org/W2072611758', 'https://openalex.org/W2072866698', 'https://openalex.org/W2074464158', 'https://openalex.org/W2080091930', 'https://openalex.org/W2082278455', 'https://openalex.org/W2085635066', 'https://openalex.org/W2087991080', 'https://openalex.org/W2097536090', 'https://openalex.org/W2103911239', 'https://openalex.org/W2110562193', 'https://openalex.org/W2116277900', 'https://openalex.org/W2117007244', 'https://openalex.org/W2119059400', 'https://openalex.org/W2122348296', 'https://openalex.org/W2129047267', 'https://openalex.org/W2129936978', 'https://openalex.org/W2133125644', 'https://openalex.org/W2134852861', 'https://openalex.org/W2143192685', 'https://openalex.org/W2145982493', 'https://openalex.org/W2150220236', 'https://openalex.org/W2150664932', 'https://openalex.org/W2151499786', 'https://openalex.org/W2165854046', 'https://openalex.org/W2188767531', 'https://openalex.org/W2201333553', 'https://openalex.org/W2207083369', 'https://openalex.org/W2243003515', 'https://openalex.org/W2275696275', 'https://openalex.org/W2313974443', 'https://openalex.org/W2315894413', 'https://openalex.org/W2319859377', 'https://openalex.org/W2328015724', 'https://openalex.org/W2342626385', 'https://openalex.org/W2395869423', 'https://openalex.org/W2413512417', 'https://openalex.org/W2462474087', 'https://openalex.org/W2467491686', 'https://openalex.org/W2471543519', 'https://openalex.org/W2479938810', 'https://openalex.org/W2513851811', 'https://openalex.org/W2515492367', 'https://openalex.org/W2520082337', 'https://openalex.org/W2522615148', 'https://openalex.org/W2539185528', 'https://openalex.org/W2550198355', 'https://openalex.org/W2565531507', 'https://openalex.org/W2584232616', 'https://openalex.org/W2587807122', 'https://openalex.org/W2593778105', 'https://openalex.org/W2605401590', 'https://openalex.org/W2607615935', 'https://openalex.org/W2613697771', 'https://openalex.org/W2615516218', 'https://openalex.org/W2618732405', 'https://openalex.org/W2624387057', 'https://openalex.org/W2646675373', 'https://openalex.org/W2648242067', 'https://openalex.org/W2729164367', 'https://openalex.org/W2736116482', 'https://openalex.org/W2742577398', 'https://openalex.org/W2751567280', 'https://openalex.org/W2754367764', 'https://openalex.org/W2757806273', 'https://openalex.org/W2765366036', 'https://openalex.org/W2767327746', 'https://openalex.org/W2767657507', 'https://openalex.org/W2768508481', 'https://openalex.org/W2771058985', 'https://openalex.org/W2787441870', 'https://openalex.org/W2790858865', 'https://openalex.org/W2792286873', 'https://openalex.org/W2793263498', 'https://openalex.org/W2793328538', 'https://openalex.org/W2800002789', 'https://openalex.org/W2804241935', 'https://openalex.org/W2806576037', 'https://openalex.org/W2810670912', 'https://openalex.org/W2811148000', 'https://openalex.org/W2883113516', 'https://openalex.org/W2884040439', 'https://openalex.org/W2884438462', 'https://openalex.org/W2884690740', 'https://openalex.org/W2885770726', 'https://openalex.org/W2888404827', 'https://openalex.org/W2888766590', 'https://openalex.org/W2889454130', 'https://openalex.org/W2890513934', 'https://openalex.org/W2890637087', 'https://openalex.org/W2896242594', 'https://openalex.org/W2898498213', 'https://openalex.org/W2899338010', 'https://openalex.org/W2900330501', 'https://openalex.org/W2900477065', 'https://openalex.org/W2902949125', 'https://openalex.org/W2903808251', 'https://openalex.org/W2904027073', 'https://openalex.org/W2904462474', 'https://openalex.org/W2907017276', 'https://openalex.org/W2907617364', 'https://openalex.org/W2908941153', 'https://openalex.org/W2911400664', 'https://openalex.org/W2911821804', 'https://openalex.org/W2916442355', 'https://openalex.org/W2917505878', 'https://openalex.org/W2917901091', 'https://openalex.org/W2922028018', 'https://openalex.org/W2922184469', 'https://openalex.org/W2922765813', 'https://openalex.org/W2930102931', 'https://openalex.org/W2941400914', 'https://openalex.org/W2944442503', 'https://openalex.org/W2945925278', 'https://openalex.org/W2947019422', 'https://openalex.org/W2950604226', 'https://openalex.org/W2954187519', 'https://openalex.org/W2963375395', 'https://openalex.org/W2967267206', 'https://openalex.org/W2968911939', 'https://openalex.org/W2979735399', 'https://openalex.org/W2981116508', 'https://openalex.org/W2982300869', 'https://openalex.org/W2983056308', 'https://openalex.org/W2984342008', 'https://openalex.org/W2986499130', 'https://openalex.org/W2995142316', 'https://openalex.org/W2996332308', 'https://openalex.org/W2997693041', 'https://openalex.org/W3000652771', 'https://openalex.org/W3003262233', 'https://openalex.org/W3004568742', 'https://openalex.org/W3005863531', 'https://openalex.org/W3007651920', 'https://openalex.org/W3010202682', 'https://openalex.org/W3010319118', 'https://openalex.org/W3011934858', 'https://openalex.org/W3012177467', 'https://openalex.org/W3014601011', 'https://openalex.org/W3015980439', 'https://openalex.org/W3016515244', 'https://openalex.org/W3016687513', 'https://openalex.org/W3019576236', 'https://openalex.org/W3022517580', 'https://openalex.org/W3022843305', 'https://openalex.org/W3023299871', 'https://openalex.org/W3024363786', 'https://openalex.org/W3025751491', 'https://openalex.org/W3027501833', 'https://openalex.org/W3027760474', 'https://openalex.org/W3029349200', 'https://openalex.org/W3037404681', 'https://openalex.org/W3044902155', 'https://openalex.org/W3047600962', 'https://openalex.org/W3048734519', 'https://openalex.org/W3081638962', 'https://openalex.org/W3082964614', 'https://openalex.org/W3084320300', 'https://openalex.org/W3084725230', 'https://openalex.org/W3087534926', 'https://openalex.org/W3092075612', 'https://openalex.org/W3096341508', 'https://openalex.org/W3096910885', 'https://openalex.org/W3097356548', 'https://openalex.org/W3102181181', 'https://openalex.org/W3103288130', 'https://openalex.org/W3107505554', 'https://openalex.org/W3110142540', 'https://openalex.org/W3111134030', 'https://openalex.org/W3112498453', 'https://openalex.org/W3112840199', 'https://openalex.org/W3113227330', 'https://openalex.org/W3113794631', 'https://openalex.org/W3118250323', 'https://openalex.org/W3120867123', 'https://openalex.org/W3121188342', 'https://openalex.org/W3123067979', 'https://openalex.org/W3127263314', 'https://openalex.org/W3127745513', 'https://openalex.org/W3128370569', 'https://openalex.org/W3134831088', 'https://openalex.org/W3137799724', 'https://openalex.org/W3138616181', 'https://openalex.org/W3144431321', 'https://openalex.org/W3144736582', 'https://openalex.org/W3147567656', 'https://openalex.org/W3153024839', 'https://openalex.org/W3160658661', 'https://openalex.org/W3161974380', 'https://openalex.org/W3162513718', 'https://openalex.org/W3168768653', 'https://openalex.org/W3171832445', 'https://openalex.org/W3175153879', 'https://openalex.org/W3183160471', 'https://openalex.org/W3184942785', 'https://openalex.org/W3194775834', 'https://openalex.org/W3202738716', 'https://openalex.org/W3202822501', 'https://openalex.org/W3204034260', 'https://openalex.org/W3210604023', 'https://openalex.org/W3210761258', 'https://openalex.org/W3211232398', 'https://openalex.org/W4200153829', 'https://openalex.org/W4200372155', 'https://openalex.org/W4200421609', 'https://openalex.org/W4200504340', 'https://openalex.org/W4206329493', 'https://openalex.org/W4206706039', 'https://openalex.org/W4206803631', 'https://openalex.org/W4207021741', 'https://openalex.org/W4210513753', 'https://openalex.org/W4213147678', 'https://openalex.org/W4233879093', 'https://openalex.org/W4246046260', 'https://openalex.org/W4246134726', 'https://openalex.org/W4246507676', 'https://openalex.org/W4247257102', 'https://openalex.org/W4247332467', 'https://openalex.org/W4254194539', 'https://openalex.org/W4254908733', 'https://openalex.org/W4254928904', 'https://openalex.org/W4256681118', 'https://openalex.org/W4312000376', 'https://openalex.org/W4312272867', 'https://openalex.org/W4390155953', 'https://openalex.org/W6601236186', 'https://openalex.org/W6603319068', 'https://openalex.org/W6634582789', 'https://openalex.org/W6645026925', 'https://openalex.org/W6666487912', 'https://openalex.org/W6677203387', 'https://openalex.org/W6677653467', 'https://openalex.org/W6679159076', 'https://openalex.org/W6686676667', 'https://openalex.org/W6695147765', 'https://openalex.org/W6712358891', 'https://openalex.org/W6719102434', 'https://openalex.org/W6733170546', 'https://openalex.org/W6746178488', 'https://openalex.org/W6748866122', 'https://openalex.org/W6750084823', 'https://openalex.org/W6755177111', 'https://openalex.org/W6756010107', 'https://openalex.org/W6756194706', 'https://openalex.org/W6762323692', 'https://openalex.org/W6766954107', 'https://openalex.org/W6769155457', 'https://openalex.org/W6772088442', 'https://openalex.org/W6774560190', 'https://openalex.org/W6780704571', 'https://openalex.org/W6781459431', 'https://openalex.org/W6791557914', 'https://openalex.org/W6794790404', 'https://openalex.org/W6796844681', 'https://openalex.org/W6802344170', 'https://openalex.org/W6803202188', 'https://openalex.org/W6806997867']","['Drone', 'Bibliometrics', 'Agriculture', 'Citation', 'Data science', 'Precision agriculture', 'Profitability index', 'Computer science', 'Geography', 'Business', 'Library science']","['Drone', 'Bibliometrics', 'Agriculture', 'Citation', 'Data science', 'Precision agriculture', 'Profitability index', 'Computer science', 'Geography', 'Business', 'Library science', 'Archaeology', 'Genetics', 'Finance', 'Biology']","Drones, also called Unmanned Aerial Vehicles (UAV), have witnessed a remarkable development in recent decades. In agriculture, they have changed farming practices by offering farmers substantial cost savings, increased operational efficiency, and better profitability. Over the past decades, the topic of agricultural drones has attracted remarkable academic attention. We therefore conduct a comprehensive review based on bibliometrics to summarize and structure existing academic literature and reveal current research trends and hotspots. We apply bibliometric techniques and analyze the literature surrounding agricultural drones to summarize and assess previous research. Our analysis indicates that remote sensing, precision agriculture, deep learning, machine learning, and the Internet of Things are critical topics related to agricultural drones. The co-citation analysis reveals six broad research clusters in the literature. This study is one of the first attempts to summarize drone research in agriculture and suggest future research directions.",198,,107017,107017,"Rejeb A, 2022, Computers and Electronics in Agriculture",[],,,,hybrid,[],[],,,"['Drone', 'Bibliometrics', 'Agriculture', 'Citation', 'Data science', 'Precision agriculture', 'Profitability index', 'Computer science', 'Geography', 'Business', 'Library science', 'Archaeology', 'Genetics', 'Finance', 'Biology']",[]
OpenAlex,https://openalex.org/W2952984634,10.1002/asi.21062,,Comparing bibliometric statistics obtained from the Web of Science and Scopus,JOURNAL OF THE AMERICAN SOCIETY FOR INFORMATION SCIENCE AND TECHNOLOGY,Journal of the American Society for Information Science and Technology,2009,article,en,785,"['Archambault É', 'Campbell D', 'Gingras Y', 'Larivière V']","['Éric Archambault', 'David Campbell', 'Yves Gingras', 'Vincent Larivière']","['Université du Québec à Montréal', 'Université du Québec à Montréal', 'Université du Québec à Montréal']",,"['https://openalex.org/W1668647', 'https://openalex.org/W1890493318', 'https://openalex.org/W1978071138', 'https://openalex.org/W1982149803', 'https://openalex.org/W2024289364', 'https://openalex.org/W2030814023', 'https://openalex.org/W2042852414', 'https://openalex.org/W2044326206', 'https://openalex.org/W2070593969', 'https://openalex.org/W2080222100', 'https://openalex.org/W2095149397', 'https://openalex.org/W2095454618', 'https://openalex.org/W2120109270', 'https://openalex.org/W2123411730', 'https://openalex.org/W2129513604', 'https://openalex.org/W2130412786', 'https://openalex.org/W2163187547', 'https://openalex.org/W2164534115', 'https://openalex.org/W2498578223', 'https://openalex.org/W2534050235', 'https://openalex.org/W4243763775', 'https://openalex.org/W4255356361', 'https://openalex.org/W4285719527']","['Scopus', 'Web of science', 'Comparability', 'Bibliometrics', 'Citation', 'Citation impact', 'Library science', 'Computer science', 'Impact factor', 'Database', 'Information retrieval', 'Data science', 'Statistics', 'Political science', 'Mathematics', 'MEDLINE']","['Scopus', 'Web of science', 'Comparability', 'Bibliometrics', 'Citation', 'Citation impact', 'Library science', 'Computer science', 'Impact factor', 'Database', 'Information retrieval', 'Data science', 'Statistics', 'Political science', 'Mathematics', 'MEDLINE', 'Combinatorics', 'Law']","Abstract For more than 40 years, the Institute for Scientific Information (ISI, now part of Thomson Reuters) produced the only available bibliographic databases from which bibliometricians could compile large‐scale bibliometric indicators. ISI's citation indexes, now regrouped under the Web of Science (WoS), were the major sources of bibliometric data until 2004, when Scopus was launched by the publisher Reed Elsevier. For those who perform bibliometric analyses and comparisons of countries or institutions, the existence of these two major databases raises the important question of the comparability and stability of statistics obtained from different data sources. This paper uses macrolevel bibliometric indicators to compare results obtained from the WoS and Scopus. It shows that the correlations between the measures obtained with both databases for the number of papers and the number of citations received by countries, as well as for their ranks, are extremely high (R 2 ≈ .99). There is also a very high correlation when countries' papers are broken down by field. The paper thus provides evidence that indicators of scientific production and citations at the country level are stable and largely independent of the database.",60,7,1320,1326,"Archambault É, 2009, Journal of the American Society for Information Science and Technology",[],,,,green,[],[],,,"['Scopus', 'Web of science', 'Comparability', 'Bibliometrics', 'Citation', 'Citation impact', 'Library science', 'Computer science', 'Impact factor', 'Database', 'Information retrieval', 'Data science', 'Statistics', 'Political science', 'Mathematics', 'MEDLINE', 'Combinatorics', 'Law']",[]
OpenAlex,https://openalex.org/W2036575376,10.1016/j.asoc.2014.10.035,,An overview of fuzzy research with bibliometric indicators,APPLIED SOFT COMPUTING,Applied Soft Computing,2014,article,en,578,"['Merigó JM', 'Gil‐Lafuente AM', 'Yager RR']","['José M. Merigó', 'Anna M. Gil‐Lafuente', 'Ronald R. Yager']","['University of Chile', 'University of Manchester', 'Universitat de Barcelona', 'Iona College']",,"['https://openalex.org/W43906595', 'https://openalex.org/W584470632', 'https://openalex.org/W1503448614', 'https://openalex.org/W1888811121', 'https://openalex.org/W1898259180', 'https://openalex.org/W1981941902', 'https://openalex.org/W1982564000', 'https://openalex.org/W1987311106', 'https://openalex.org/W1989494022', 'https://openalex.org/W1994203673', 'https://openalex.org/W2016415759', 'https://openalex.org/W2019950953', 'https://openalex.org/W2050380178', 'https://openalex.org/W2051998865', 'https://openalex.org/W2054513798', 'https://openalex.org/W2058391311', 'https://openalex.org/W2060907774', 'https://openalex.org/W2074176516', 'https://openalex.org/W2076252304', 'https://openalex.org/W2082730835', 'https://openalex.org/W2085238338', 'https://openalex.org/W2096768134', 'https://openalex.org/W2103252331', 'https://openalex.org/W2123048263', 'https://openalex.org/W2128438887', 'https://openalex.org/W2129800764', 'https://openalex.org/W2132253026', 'https://openalex.org/W2132631086', 'https://openalex.org/W2135455887', 'https://openalex.org/W2137174507', 'https://openalex.org/W2142357109', 'https://openalex.org/W2157041604', 'https://openalex.org/W2160605904', 'https://openalex.org/W2161073469', 'https://openalex.org/W2169089330', 'https://openalex.org/W2171915060', 'https://openalex.org/W2330022088', 'https://openalex.org/W2481052802', 'https://openalex.org/W2571077957', 'https://openalex.org/W2598771954', 'https://openalex.org/W2912565176', 'https://openalex.org/W3122132213', 'https://openalex.org/W4205471131', 'https://openalex.org/W4211007335', 'https://openalex.org/W4230588984', 'https://openalex.org/W4245152641', 'https://openalex.org/W4302438448', 'https://openalex.org/W6647096480']","['Bibliometrics', 'Computer science', 'Web of science', 'Field (mathematics)', 'Data science', 'Scopus', 'Perspective (graphical)', 'Management science', 'Information retrieval', 'Data mining', 'Political science', 'Mathematics', 'Artificial intelligence', 'MEDLINE']","['Bibliometrics', 'Computer science', 'Web of science', 'Field (mathematics)', 'Data science', 'Scopus', 'Perspective (graphical)', 'Management science', 'Information retrieval', 'Data mining', 'Political science', 'Mathematics', 'Artificial intelligence', 'MEDLINE', 'Pure mathematics', 'Law', 'Economics']",,27,,420,433,"Merigó JM, 2014, Applied Soft Computing",[],,,,green,[],[],,,"['Bibliometrics', 'Computer science', 'Web of science', 'Field (mathematics)', 'Data science', 'Scopus', 'Perspective (graphical)', 'Management science', 'Information retrieval', 'Data mining', 'Political science', 'Mathematics', 'Artificial intelligence', 'MEDLINE', 'Pure mathematics', 'Law', 'Economics']",[]
OpenAlex,https://openalex.org/W2998021954,10.5530/jscires.8.3.32,,Bibliometric Analysis using Bibliometrix an R Package,JOURNAL OF SCIENTOMETRIC RESEARCH,Journal of Scientometric Research,2020,article,en,619,['Derviş H'],['Hamid Derviş'],[],,[],"['Citation analysis', 'Bibliometrics', 'Computer science', 'Citation', 'Data science', 'Field (mathematics)', 'Subject (documents)', 'Analytics', 'Open source', 'Software', 'Web of science', 'World Wide Web', 'Political science', 'MEDLINE', 'Mathematics']","['Citation analysis', 'Bibliometrics', 'Computer science', 'Citation', 'Data science', 'Field (mathematics)', 'Subject (documents)', 'Analytics', 'Open source', 'Software', 'Web of science', 'World Wide Web', 'Political science', 'MEDLINE', 'Mathematics', 'Programming language', 'Law', 'Pure mathematics']","This study aims to explore the usage of Open-source software in bibliometric analysis. Biblio-metrix an R package for bibliometric and co-citation analysis was used to achieve the research activities. R is an ecosystem software meaning all functions are shared in an open-source environment with the users. We have used Graphene as a subject of research for bibliometric analysis. Graphene is one of the fastest growing research fields in nanotechnology worldwide. A textual query on Web of Science (WoS) Clarivate Analytics using the term “graphene” was performed retrieving 1155 scholarly papers from 2000 to 2017 with having at least one author based in Turkey. Bibliometric results indicate graphene within nanotechnology as a scientific research field is growing steadily. Graphene not only is used in engineering but also can be used in medical technology. Furthermore, this is an ongoing research exploring an Open-source software and its roles in the field of information studies.",8,3,156,160,"Derviş H, 2020, Journal of Scientometric Research",[],,,,hybrid,[],[],,,"['Citation analysis', 'Bibliometrics', 'Computer science', 'Citation', 'Data science', 'Field (mathematics)', 'Subject (documents)', 'Analytics', 'Open source', 'Software', 'Web of science', 'World Wide Web', 'Political science', 'MEDLINE', 'Mathematics', 'Programming language', 'Law', 'Pure mathematics']",[]
OpenAlex,https://openalex.org/W3038273726,10.1016/j.jbusres.2020.06.057,32834211,Investigating the emerging COVID-19 research trends in the field of business and management: A bibliometric analysis approach,JOURNAL OF BUSINESS RESEARCH,Journal of Business Research,2020,article,en,1060,"['Verma S', 'Gustafsson A']","['Surabhi Verma', 'Anders Gustafsson']","['University of Southern Denmark', 'BI Norwegian Business School']",,"['https://openalex.org/W2150220236', 'https://openalex.org/W2463277148', 'https://openalex.org/W2768891858', 'https://openalex.org/W2783127227', 'https://openalex.org/W2939398318', 'https://openalex.org/W2974844384', 'https://openalex.org/W2990450011', 'https://openalex.org/W2994056986', 'https://openalex.org/W2996259534', 'https://openalex.org/W3000601084', 'https://openalex.org/W3002972902', 'https://openalex.org/W3010267415', 'https://openalex.org/W3010682937', 'https://openalex.org/W3011291379', 'https://openalex.org/W3011866596', 'https://openalex.org/W3011999140', 'https://openalex.org/W3012080801', 'https://openalex.org/W3013232676', 'https://openalex.org/W3013308250', 'https://openalex.org/W3013474995', 'https://openalex.org/W3013606964', 'https://openalex.org/W3013706344', 'https://openalex.org/W3014483325', 'https://openalex.org/W3015960835', 'https://openalex.org/W3016008021', 'https://openalex.org/W3016112654', 'https://openalex.org/W3016275165', 'https://openalex.org/W3016551095', 'https://openalex.org/W3016603339', 'https://openalex.org/W3016760326', 'https://openalex.org/W3016874309', 'https://openalex.org/W3017033580', 'https://openalex.org/W3017338857', 'https://openalex.org/W3017581522', 'https://openalex.org/W3017659171', 'https://openalex.org/W3017800794', 'https://openalex.org/W3018065504', 'https://openalex.org/W3018209774', 'https://openalex.org/W3018623624', 'https://openalex.org/W3019313322', 'https://openalex.org/W3020108713', 'https://openalex.org/W3020258303', 'https://openalex.org/W3022380282', 'https://openalex.org/W3026541506', 'https://openalex.org/W3027747257', 'https://openalex.org/W3033668954', 'https://openalex.org/W3034208629', 'https://openalex.org/W3036786154', 'https://openalex.org/W3080335147', 'https://openalex.org/W4241857777', 'https://openalex.org/W6769662013', 'https://openalex.org/W6770542893', 'https://openalex.org/W6774872622', 'https://openalex.org/W6775541393', 'https://openalex.org/W6775625142', 'https://openalex.org/W6776044521', 'https://openalex.org/W6776071406', 'https://openalex.org/W6776098875', 'https://openalex.org/W6776147541', 'https://openalex.org/W6776280985', 'https://openalex.org/W6776487203', 'https://openalex.org/W7043081547']","['Coronavirus disease 2019 (COVID-19)', 'Bibliometrics', '2019-20 coronavirus outbreak', 'Field (mathematics)', 'Severe acute respiratory syndrome coronavirus 2 (SARS-CoV-2)', 'Data science', 'Regional science', 'Computer science', 'Geography', 'Library science', 'Medicine', 'Virology', 'Mathematics']","['Coronavirus disease 2019 (COVID-19)', 'Bibliometrics', '2019-20 coronavirus outbreak', 'Field (mathematics)', 'Severe acute respiratory syndrome coronavirus 2 (SARS-CoV-2)', 'Data science', 'Regional science', 'Computer science', 'Geography', 'Library science', 'Medicine', 'Virology', 'Mathematics', 'Disease', 'Outbreak', 'Infectious disease (medical specialty)', 'Pathology', 'Pure mathematics']",,118,,253,261,"Verma S, 2020, Journal of Business Research",[],,,,green,[],[],,,"['Coronavirus disease 2019 (COVID-19)', 'Bibliometrics', '2019-20 coronavirus outbreak', 'Field (mathematics)', 'Severe acute respiratory syndrome coronavirus 2 (SARS-CoV-2)', 'Data science', 'Regional science', 'Computer science', 'Geography', 'Library science', 'Medicine', 'Virology', 'Mathematics', 'Disease', 'Outbreak', 'Infectious disease (medical specialty)', 'Pathology', 'Pure mathematics']",[]
OpenAlex,https://openalex.org/W4231988333,10.3163/1536-5050.103.4.013,26512226,Bibliometrics basics,JOURNAL OF THE MEDICAL LIBRARY ASSOCIATION JMLA,Journal of the Medical Library Association JMLA,2015,article,en,383,['Cooper I'],['Ian Cooper'],[],,[],"['Bibliometrics', 'Library science', 'Computer science', 'Information retrieval', 'World Wide Web', 'Data science']","['Bibliometrics', 'Library science', 'Computer science', 'Information retrieval', 'World Wide Web', 'Data science']","conference proceedings, policy statements, even patents. In the health field, bibliometrics are mostly used to measure the influence or impact of research articles. Bibliometric methods estimate how much influence or impact a selected research article has on future research. It usually does this by counting the number of times the article is cited after it is published.",103,4,217,218,"Cooper I, 2015, Journal of the Medical Library Association JMLA",[],,,,diamond,[],[],,,"['Bibliometrics', 'Library science', 'Computer science', 'Information retrieval', 'World Wide Web', 'Data science']",[]
OpenAlex,https://openalex.org/W4392513195,10.1007/s11846-024-00738-0,,How to design bibliometric research: an overview and a framework proposal,REVIEW OF MANAGERIAL SCIENCE,Review of Managerial Science,2024,article,en,564,"['Öztürk O', 'Kocaman R', 'Kanbach DK']","['Oğuzhan Öztürk', 'Rıdvan Kocaman', 'Dominik K. Kanbach']","['Bakırçay Üniversitesi', 'Anadolu University', 'Eskişehir City Hospital', 'HHL Leipzig Graduate School of Management']",,"['https://openalex.org/W150292108', 'https://openalex.org/W1021000864', 'https://openalex.org/W1479241889', 'https://openalex.org/W1500399834', 'https://openalex.org/W1504939813', 'https://openalex.org/W1992401310', 'https://openalex.org/W1995394802', 'https://openalex.org/W2006141708', 'https://openalex.org/W2006479099', 'https://openalex.org/W2008306839', 'https://openalex.org/W2033263166', 'https://openalex.org/W2073249039', 'https://openalex.org/W2088037265', 'https://openalex.org/W2092120460', 'https://openalex.org/W2096245798', 'https://openalex.org/W2108680868', 'https://openalex.org/W2116705524', 'https://openalex.org/W2121983971', 'https://openalex.org/W2126566678', 'https://openalex.org/W2189292319', 'https://openalex.org/W2253022388', 'https://openalex.org/W2563961554', 'https://openalex.org/W2729516107', 'https://openalex.org/W2755950973', 'https://openalex.org/W2772164149', 'https://openalex.org/W2782540689', 'https://openalex.org/W2797873488', 'https://openalex.org/W2802739669', 'https://openalex.org/W2890366548', 'https://openalex.org/W2908094560', 'https://openalex.org/W2919810952', 'https://openalex.org/W2952789890', 'https://openalex.org/W2964523010', 'https://openalex.org/W2979085846', 'https://openalex.org/W2994908748', 'https://openalex.org/W2996946606', 'https://openalex.org/W3000895385', 'https://openalex.org/W3001233027', 'https://openalex.org/W3001491100', 'https://openalex.org/W3008231817', 'https://openalex.org/W3008346954', 'https://openalex.org/W3027769089', 'https://openalex.org/W3027944590', 'https://openalex.org/W3041618943', 'https://openalex.org/W3046638513', 'https://openalex.org/W3047046045', 'https://openalex.org/W3091832718', 'https://openalex.org/W3114900208', 'https://openalex.org/W3116936901', 'https://openalex.org/W3118492455', 'https://openalex.org/W3119365400', 'https://openalex.org/W3125505924', 'https://openalex.org/W3125707221', 'https://openalex.org/W3160856016', 'https://openalex.org/W3174605565', 'https://openalex.org/W3199161670', 'https://openalex.org/W3207679606', 'https://openalex.org/W3210188153', 'https://openalex.org/W4210623428', 'https://openalex.org/W4211118046', 'https://openalex.org/W4214565302', 'https://openalex.org/W4220693684', 'https://openalex.org/W4220712303', 'https://openalex.org/W4225296409', 'https://openalex.org/W4228999511', 'https://openalex.org/W4235754606', 'https://openalex.org/W4283687566', 'https://openalex.org/W4287218171', 'https://openalex.org/W4295066473', 'https://openalex.org/W4306178549', 'https://openalex.org/W4312198445', 'https://openalex.org/W4319079760', 'https://openalex.org/W4319312066', 'https://openalex.org/W4319599434', 'https://openalex.org/W4323359222', 'https://openalex.org/W4360858118', 'https://openalex.org/W4376278154', 'https://openalex.org/W4377247651', 'https://openalex.org/W4377989577', 'https://openalex.org/W4379801287', 'https://openalex.org/W4385494672', 'https://openalex.org/W4385803460', 'https://openalex.org/W4387257287', 'https://openalex.org/W4391350162']","['Bibliometrics', 'Computer science', 'Field (mathematics)', 'Management science', 'Data science', 'Data mining', 'Engineering', 'Mathematics']","['Bibliometrics', 'Computer science', 'Field (mathematics)', 'Management science', 'Data science', 'Data mining', 'Engineering', 'Mathematics', 'Pure mathematics']","Abstract Bibliometric analysis has recently become a popular and rigorous technique used for exploring and analyzing the literature in business and management. Prior studies principally focused on ‘how to do bibliometric analysis’, presenting an overview of the bibliometric methodology along with various techniques and step-by-step guidelines that can be relied on to rigorously conduct bibliometric analysis. However, the current body of evidence is limited in its ability to provide practical knowledge that can enhance the design and performance of bibliometric research. This claim is supported even by the fact that relevant studies refer to their work as ‘bibliometric analysis’ rather than ‘bibliometric research’. Accordingly, we endeavor to offer a more functional framework for researchers who wish to design/conduct bibliometric research on any field of research, especially business and management. To do this, we followed a twofold way. We first outlined the main stages and steps of typical bibliometric research. Then, we proposed a comprehensive framework for specifying how to design/conduct the research and under what headings the relevant stages (step-by-step) will be used and/or presented. Thus, the current paper is expected to be a useful source to gain insights into the available techniques and guide researchers in designing/conducting bibliometric research.",18,11,3333,3361,"Öztürk O, 2024, Review of Managerial Science",[],,,,hybrid,[],[],,,"['Bibliometrics', 'Computer science', 'Field (mathematics)', 'Management science', 'Data science', 'Data mining', 'Engineering', 'Mathematics', 'Pure mathematics']",[]
OpenAlex,https://openalex.org/W2147002372,10.1007/s11192-006-0007-2,,Bibliometric monitoring of research performance in the Social Sciences and the Humanities: A Review,SCIENTOMETRICS,Scientometrics,2006,review,en,791,['Nederhof AJ'],['Anton J. Nederhof'],['Leiden University'],,"['https://openalex.org/W55473955', 'https://openalex.org/W90018717', 'https://openalex.org/W113091368', 'https://openalex.org/W223070795', 'https://openalex.org/W406100599', 'https://openalex.org/W1515046096', 'https://openalex.org/W1520862446', 'https://openalex.org/W1546171873', 'https://openalex.org/W1656859947', 'https://openalex.org/W1756094496', 'https://openalex.org/W1786106239', 'https://openalex.org/W1965262401', 'https://openalex.org/W1967231526', 'https://openalex.org/W1976058703', 'https://openalex.org/W1979403127', 'https://openalex.org/W1986474092', 'https://openalex.org/W1989175306', 'https://openalex.org/W1990850553', 'https://openalex.org/W1991119149', 'https://openalex.org/W1991526941', 'https://openalex.org/W2001939103', 'https://openalex.org/W2003259962', 'https://openalex.org/W2006285886', 'https://openalex.org/W2008637808', 'https://openalex.org/W2009863476', 'https://openalex.org/W2013300311', 'https://openalex.org/W2014537588', 'https://openalex.org/W2026053376', 'https://openalex.org/W2026427902', 'https://openalex.org/W2027508770', 'https://openalex.org/W2028674563', 'https://openalex.org/W2029391677', 'https://openalex.org/W2031009301', 'https://openalex.org/W2031325403', 'https://openalex.org/W2039740620', 'https://openalex.org/W2040093441', 'https://openalex.org/W2040438264', 'https://openalex.org/W2040517495', 'https://openalex.org/W2049486458', 'https://openalex.org/W2061312249', 'https://openalex.org/W2061390561', 'https://openalex.org/W2068371094', 'https://openalex.org/W2068723985', 'https://openalex.org/W2070356043', 'https://openalex.org/W2072150109', 'https://openalex.org/W2073081658', 'https://openalex.org/W2083932720', 'https://openalex.org/W2088455467', 'https://openalex.org/W2089395791', 'https://openalex.org/W2092022048', 'https://openalex.org/W2093873437', 'https://openalex.org/W2094365380', 'https://openalex.org/W2095271263', 'https://openalex.org/W2103061071', 'https://openalex.org/W2107611582', 'https://openalex.org/W2109481728', 'https://openalex.org/W2111001702', 'https://openalex.org/W2135495132', 'https://openalex.org/W2140883069', 'https://openalex.org/W2156005232', 'https://openalex.org/W2161666598', 'https://openalex.org/W2184656650', 'https://openalex.org/W2488172819', 'https://openalex.org/W2891927386', 'https://openalex.org/W4285719527']","['Citation', 'Citation analysis', 'Bibliometrics', 'Social science', 'Library science', 'Sociology', 'Data science', 'Humanities', 'Computer science', 'Art']","['Citation', 'Citation analysis', 'Bibliometrics', 'Social science', 'Library science', 'Sociology', 'Data science', 'Humanities', 'Computer science', 'Art']",,66,1,81,100,"Nederhof AJ, 2006, Scientometrics",[],,,,closed,[],[],,,"['Citation', 'Citation analysis', 'Bibliometrics', 'Social science', 'Library science', 'Sociology', 'Data science', 'Humanities', 'Computer science', 'Art']",[]
OpenAlex,https://openalex.org/W1909123760,10.1111/ijmr.12000,,The Dynamic Capability View in Strategic Management: A Bibliometric Review,INTERNATIONAL JOURNAL OF MANAGEMENT REVIEWS,International Journal of Management Reviews,2012,review,en,785,"['Vogel R', 'Güttel WH']","['Rick Vogel', 'Wolfgang H. Güttel']","['Zeppelin Universität gemeinnützige GmbH', 'Johannes Kepler University of Linz']",,"['https://openalex.org/W30922731', 'https://openalex.org/W266848492', 'https://openalex.org/W655851885', 'https://openalex.org/W1485916023', 'https://openalex.org/W1489242486', 'https://openalex.org/W1499541372', 'https://openalex.org/W1533083527', 'https://openalex.org/W1545946630', 'https://openalex.org/W1554200194', 'https://openalex.org/W1579972629', 'https://openalex.org/W1598697854', 'https://openalex.org/W1966538856', 'https://openalex.org/W1967290073', 'https://openalex.org/W1970859146', 'https://openalex.org/W1978343804', 'https://openalex.org/W1982651405', 'https://openalex.org/W1984940595', 'https://openalex.org/W1984996857', 'https://openalex.org/W1986362177', 'https://openalex.org/W1989111892', 'https://openalex.org/W1989976993', 'https://openalex.org/W1992263016', 'https://openalex.org/W1992478940', 'https://openalex.org/W1992963834', 'https://openalex.org/W1994091698', 'https://openalex.org/W1995168141', 'https://openalex.org/W1996299780', 'https://openalex.org/W1997097379', 'https://openalex.org/W1997123018', 'https://openalex.org/W2002133919', 'https://openalex.org/W2005207065', 'https://openalex.org/W2005817329', 'https://openalex.org/W2006923470', 'https://openalex.org/W2006927408', 'https://openalex.org/W2009918649', 'https://openalex.org/W2010185037', 'https://openalex.org/W2010823451', 'https://openalex.org/W2011729549', 'https://openalex.org/W2013248312', 'https://openalex.org/W2013851245', 'https://openalex.org/W2016855310', 'https://openalex.org/W2017315591', 'https://openalex.org/W2018037649', 'https://openalex.org/W2018514036', 'https://openalex.org/W2019753053', 'https://openalex.org/W2020214916', 'https://openalex.org/W2025221188', 'https://openalex.org/W2030194122', 'https://openalex.org/W2030451197', 'https://openalex.org/W2031022888', 'https://openalex.org/W2036887109', 'https://openalex.org/W2036988402', 'https://openalex.org/W2040486678', 'https://openalex.org/W2049269714', 'https://openalex.org/W2050706463', 'https://openalex.org/W2050889895', 'https://openalex.org/W2051873797', 'https://openalex.org/W2055648175', 'https://openalex.org/W2056070220', 'https://openalex.org/W2057289437', 'https://openalex.org/W2060827592', 'https://openalex.org/W2060959262', 'https://openalex.org/W2061977616', 'https://openalex.org/W2063101369', 'https://openalex.org/W2066086895', 'https://openalex.org/W2066177240', 'https://openalex.org/W2068254584', 'https://openalex.org/W2069656088', 'https://openalex.org/W2072250519', 'https://openalex.org/W2075236706', 'https://openalex.org/W2076779193', 'https://openalex.org/W2077037957', 'https://openalex.org/W2079932809', 'https://openalex.org/W2080317642', 'https://openalex.org/W2080793348', 'https://openalex.org/W2083318486', 'https://openalex.org/W2083683092', 'https://openalex.org/W2086352738', 'https://openalex.org/W2088037265', 'https://openalex.org/W2089402107', 'https://openalex.org/W2089410790', 'https://openalex.org/W2095952180', 'https://openalex.org/W2096001360', 'https://openalex.org/W2097009387', 'https://openalex.org/W2097050247', 'https://openalex.org/W2097407430', 'https://openalex.org/W2099556230', 'https://openalex.org/W2100385229', 'https://openalex.org/W2103612098', 'https://openalex.org/W2105641430', 'https://openalex.org/W2107265047', 'https://openalex.org/W2107544404', 'https://openalex.org/W2107563980', 'https://openalex.org/W2108387116', 'https://openalex.org/W2108623077', 'https://openalex.org/W2109168523', 'https://openalex.org/W2112653273', 'https://openalex.org/W2115090817', 'https://openalex.org/W2116013080', 'https://openalex.org/W2117486603', 'https://openalex.org/W2118564352', 'https://openalex.org/W2119089951', 'https://openalex.org/W2119511166', 'https://openalex.org/W2120711262', 'https://openalex.org/W2120731340', 'https://openalex.org/W2120828026', 'https://openalex.org/W2122679534', 'https://openalex.org/W2123709218', 'https://openalex.org/W2126342411', 'https://openalex.org/W2126374116', 'https://openalex.org/W2127692094', 'https://openalex.org/W2128500420', 'https://openalex.org/W2128524596', 'https://openalex.org/W2129062618', 'https://openalex.org/W2129510979', 'https://openalex.org/W2129936978', 'https://openalex.org/W2131610323', 'https://openalex.org/W2134083539', 'https://openalex.org/W2135496778', 'https://openalex.org/W2135885100', 'https://openalex.org/W2135948053', 'https://openalex.org/W2137174507', 'https://openalex.org/W2137358449', 'https://openalex.org/W2138288944', 'https://openalex.org/W2139231821', 'https://openalex.org/W2140956556', 'https://openalex.org/W2141155750', 'https://openalex.org/W2145208187', 'https://openalex.org/W2145501277', 'https://openalex.org/W2145722515', 'https://openalex.org/W2150908649', 'https://openalex.org/W2151780527', 'https://openalex.org/W2155259494', 'https://openalex.org/W2155667567', 'https://openalex.org/W2156245667', 'https://openalex.org/W2157373269', 'https://openalex.org/W2159334570', 'https://openalex.org/W2169667133', 'https://openalex.org/W2169855821', 'https://openalex.org/W2172224377', 'https://openalex.org/W2179492332', 'https://openalex.org/W2275696275', 'https://openalex.org/W2332311922', 'https://openalex.org/W2493017613', 'https://openalex.org/W2797611245', 'https://openalex.org/W2970128354', 'https://openalex.org/W3121453158', 'https://openalex.org/W3121672564', 'https://openalex.org/W3122024411', 'https://openalex.org/W3122330221', 'https://openalex.org/W3122366238', 'https://openalex.org/W3123154613', 'https://openalex.org/W3123205257', 'https://openalex.org/W3123386210', 'https://openalex.org/W3123488115', 'https://openalex.org/W3124126616', 'https://openalex.org/W3124254807', 'https://openalex.org/W3124536214', 'https://openalex.org/W3124936739', 'https://openalex.org/W3125549700', 'https://openalex.org/W3125831591', 'https://openalex.org/W3126121702', 'https://openalex.org/W3216864281', 'https://openalex.org/W4234482624', 'https://openalex.org/W4235958131', 'https://openalex.org/W4245950037', 'https://openalex.org/W4247511298', 'https://openalex.org/W4253120186', 'https://openalex.org/W6695147765']","['Scope (computer science)', 'Extant taxon', 'Field (mathematics)', 'Strategic management', 'Bibliographic coupling', 'Identity (music)', 'Sociology', 'Emancipation', 'Dynamic capabilities', 'Cluster (spacecraft)', 'Knowledge management', 'Epistemology', 'Political science', 'Computer science', 'Business', 'Marketing', 'Politics', 'Library science', 'Citation', 'Biology']","['Scope (computer science)', 'Extant taxon', 'Field (mathematics)', 'Strategic management', 'Bibliographic coupling', 'Identity (music)', 'Sociology', 'Emancipation', 'Dynamic capabilities', 'Cluster (spacecraft)', 'Knowledge management', 'Epistemology', 'Political science', 'Computer science', 'Business', 'Marketing', 'Politics', 'Library science', 'Citation', 'Biology', 'Evolutionary biology', 'Philosophy', 'Physics', 'Programming language', 'Acoustics', 'Mathematics', 'Pure mathematics', 'Law']","The dynamic capability view ( DCV ) is one of the most vibrant approaches to strategic management. In this study, the extant literature published between 1994 and 2011 is analysed, using bibliometric methods in order to explore the scope of this approach and detect current research priorities. For this purpose, the method of bibliographic coupling is introduced in management research, which shifts the focus of analysis from past traditions to current trends. Several clusters of thematically related research are extracted from bibliographic networks, which represent interconnected yet distinct subfields of inquiry within the DCV . The core cluster of the current DCV , which visualizes this research field's nascent but fragile identity, focuses on learning and change capabilities and relates them to firm performance, thus merging aspects of organization theory and strategic management. In addition, several peripheral clusters of research are identified, which reflect a parallel process of differentiation in the overall field. Both trends, i.e. of integration and differentiation, attest to the emancipation of the DCV as a distinct approach to strategic management. However, the DCV still lacks consensual concepts that allow comparisons of empirical studies and advance the theoretical understanding of dynamic capabilities. In the light of the above, some implications of this analysis for further research are discussed.",15,4,426,446,"Vogel R, 2012, International Journal of Management Reviews",[],,,,closed,[],[],,,"['Scope (computer science)', 'Extant taxon', 'Field (mathematics)', 'Strategic management', 'Bibliographic coupling', 'Identity (music)', 'Sociology', 'Emancipation', 'Dynamic capabilities', 'Cluster (spacecraft)', 'Knowledge management', 'Epistemology', 'Political science', 'Computer science', 'Business', 'Marketing', 'Politics', 'Library science', 'Citation', 'Biology', 'Evolutionary biology', 'Philosophy', 'Physics', 'Programming language', 'Acoustics', 'Mathematics', 'Pure mathematics', 'Law']",[]
OpenAlex,https://openalex.org/W1987341880,10.1007/s11192-005-0007-7,,Impact of bibliometrics upon the science system: Inadvertent consequences?,SCIENTOMETRICS,Scientometrics,2005,article,en,604,['Weingart P'],['Peter Weingart'],"['Hochschule Bielefeld', 'Bielefeld University']",,"['https://openalex.org/W57409874', 'https://openalex.org/W122653547', 'https://openalex.org/W585403794', 'https://openalex.org/W607696910', 'https://openalex.org/W1519129304', 'https://openalex.org/W1559646899', 'https://openalex.org/W1978949900', 'https://openalex.org/W1993772548', 'https://openalex.org/W1996025826', 'https://openalex.org/W1997361512', 'https://openalex.org/W2011908708', 'https://openalex.org/W2019299325', 'https://openalex.org/W2045496797', 'https://openalex.org/W2055124066', 'https://openalex.org/W2070662262', 'https://openalex.org/W2091375917', 'https://openalex.org/W2116209312', 'https://openalex.org/W2131837970', 'https://openalex.org/W2132977084', 'https://openalex.org/W2136149743', 'https://openalex.org/W2137895980', 'https://openalex.org/W2522637014']","['Bibliometrics', 'Ranking (information retrieval)', 'Competence (human resources)', 'Citation', 'Computer science', 'Context (archaeology)', 'Field (mathematics)', 'Data science', 'Citation analysis', 'Impact factor', 'Government (linguistics)', 'Management science', 'Political science', 'Psychology', 'Data mining', 'Information retrieval', 'Library science', 'Engineering', 'Mathematics']","['Bibliometrics', 'Ranking (information retrieval)', 'Competence (human resources)', 'Citation', 'Computer science', 'Context (archaeology)', 'Field (mathematics)', 'Data science', 'Citation analysis', 'Impact factor', 'Government (linguistics)', 'Management science', 'Political science', 'Psychology', 'Data mining', 'Information retrieval', 'Library science', 'Engineering', 'Mathematics', 'Law', 'Pure mathematics', 'Social psychology', 'Philosophy', 'Biology', 'Paleontology', 'Linguistics']",,62,1,117,131,"Weingart P, 2005, Scientometrics",[],,,,closed,[],[],,,"['Bibliometrics', 'Ranking (information retrieval)', 'Competence (human resources)', 'Citation', 'Computer science', 'Context (archaeology)', 'Field (mathematics)', 'Data science', 'Citation analysis', 'Impact factor', 'Government (linguistics)', 'Management science', 'Political science', 'Psychology', 'Data mining', 'Information retrieval', 'Library science', 'Engineering', 'Mathematics', 'Law', 'Pure mathematics', 'Social psychology', 'Philosophy', 'Biology', 'Paleontology', 'Linguistics']",[]
OpenAlex,https://openalex.org/W2747467399,10.1016/j.ssci.2017.08.011,,Bibliometric analysis of safety culture research,SAFETY SCIENCE,Safety Science,2017,article,en,590,"['Nunen KV', 'Li J', 'Reniers G', 'Ponnet K']","['Karolien van Nunen', 'Jie Li', 'Genserik Reniers', 'Koen Ponnet']","['University of Antwerp', 'Capital University of Economics and Business', 'Delft University of Technology', 'Shanghai Maritime University', 'Delft University of Technology', 'University of Antwerp', 'Ghent University', 'University of Antwerp', 'Antwerp Maritime Academy']",,"['https://openalex.org/W1487727533', 'https://openalex.org/W1546171873', 'https://openalex.org/W1595833668', 'https://openalex.org/W1874667251', 'https://openalex.org/W1968998006', 'https://openalex.org/W1976793263', 'https://openalex.org/W1980489890', 'https://openalex.org/W1986247476', 'https://openalex.org/W1991558333', 'https://openalex.org/W2005311637', 'https://openalex.org/W2015214799', 'https://openalex.org/W2016151469', 'https://openalex.org/W2022118522', 'https://openalex.org/W2032115361', 'https://openalex.org/W2032495613', 'https://openalex.org/W2040660235', 'https://openalex.org/W2062391261', 'https://openalex.org/W2062696504', 'https://openalex.org/W2064316958', 'https://openalex.org/W2072841257', 'https://openalex.org/W2074237094', 'https://openalex.org/W2076268740', 'https://openalex.org/W2083242057', 'https://openalex.org/W2100482023', 'https://openalex.org/W2101452843', 'https://openalex.org/W2116575643', 'https://openalex.org/W2119403429', 'https://openalex.org/W2150220236', 'https://openalex.org/W2152566174', 'https://openalex.org/W2153676302', 'https://openalex.org/W2158495354', 'https://openalex.org/W2264550228', 'https://openalex.org/W2333381267', 'https://openalex.org/W2416146098', 'https://openalex.org/W2480217095', 'https://openalex.org/W2533304099', 'https://openalex.org/W2953107155', 'https://openalex.org/W2963453445', 'https://openalex.org/W2998420630', 'https://openalex.org/W6629161104', 'https://openalex.org/W6692989234']","['Safety culture', 'Publishing', 'Multidisciplinary approach', 'China', 'Domain (mathematical analysis)', 'Occupational safety and health', 'Discipline', 'Sociology', 'Engineering ethics', 'Public relations', 'Social science', 'Political science', 'Management', 'Engineering', 'Law']","['Safety culture', 'Publishing', 'Multidisciplinary approach', 'China', 'Domain (mathematical analysis)', 'Occupational safety and health', 'Discipline', 'Sociology', 'Engineering ethics', 'Public relations', 'Social science', 'Political science', 'Management', 'Engineering', 'Law', 'Mathematics', 'Mathematical analysis', 'Economics']","The concept of safety culture is characterised by complexity. On the one hand, the concept is challenging content-wise, and on the other hand, is it a multi-dimensional and cross-disciplinary research domain. In this paper, bibliometric analysis has been applied to the field of safety culture to identify fundamental influences and to obtain a structured overview of the characteristics and the developments in this research domain. In total, 1789 publications published between 1900 and 2015 related to safety culture were identified in Web of Science. The 1789 publications cover 4591 authors, 775 journals, 76 countries or territories, and 1866 institutions. Two main research areas can be distinguished in the domain of safety culture: (1) organisational safety culture and (2) health-care and patient safety culture. The latter research area stands in a dominant position in safety culture research nowadays. Key publications are from Guldenmund (2000) and Sexton et al. (2006). Furthermore, ‘Safety Science’ is the key journal publishing on safety culture research, and the USA, England and China are the countries that dominate the publication production. It can be concluded that there is much collaborative research in the safety culture domain as multi-authored publications make up about three quarters of all publications. Also, safety culture research is characterised by a wide variety of research themes and multidisciplinarity. Geographical inequality in the publication output is identified as a point of concern. A movement away from technical aspects towards more human aspects could be detected as a noteworthy change in research focus.",108,,248,258,"Nunen KV, 2017, Safety Science",[],,,,hybrid,[],[],,,"['Safety culture', 'Publishing', 'Multidisciplinary approach', 'China', 'Domain (mathematical analysis)', 'Occupational safety and health', 'Discipline', 'Sociology', 'Engineering ethics', 'Public relations', 'Social science', 'Political science', 'Management', 'Engineering', 'Law', 'Mathematics', 'Mathematical analysis', 'Economics']",[]
OpenAlex,https://openalex.org/W2263682169,10.1016/j.knosys.2014.12.035,,25years at Knowledge-Based Systems: A bibliometric analysis,KNOWLEDGE-BASED SYSTEMS,Knowledge-Based Systems,2015,article,en,568,"['Cobo MJ', 'Martínez MÁ', 'Gutiérrez-Salcedo M', 'Fujita H', 'Herrera‐Viedma E']","['Manuel J. Cobo', 'M. Ángeles Martínez', 'María Gutiérrez-Salcedo', 'Hamido Fujita', 'Enrique Herrera‐Viedma']","['Universidad de Cádiz', 'Universidad Internacional De La Rioja', 'Universidad de Jaén', 'Iwate Prefectural University', 'Universidad de Granada']",,"['https://openalex.org/W1537982310', 'https://openalex.org/W1968468426', 'https://openalex.org/W1969591704', 'https://openalex.org/W1969789998', 'https://openalex.org/W1972230306', 'https://openalex.org/W1974939422', 'https://openalex.org/W1978603136', 'https://openalex.org/W1979077984', 'https://openalex.org/W1979152784', 'https://openalex.org/W1981886524', 'https://openalex.org/W1981941902', 'https://openalex.org/W1984502995', 'https://openalex.org/W1985774642', 'https://openalex.org/W1985950470', 'https://openalex.org/W1991446918', 'https://openalex.org/W1995654381', 'https://openalex.org/W1998676999', 'https://openalex.org/W1999184850', 'https://openalex.org/W2007130139', 'https://openalex.org/W2008388219', 'https://openalex.org/W2012593731', 'https://openalex.org/W2015415650', 'https://openalex.org/W2015861943', 'https://openalex.org/W2017377855', 'https://openalex.org/W2017680781', 'https://openalex.org/W2017812666', 'https://openalex.org/W2019535522', 'https://openalex.org/W2024790869', 'https://openalex.org/W2025600322', 'https://openalex.org/W2029088861', 'https://openalex.org/W2029526940', 'https://openalex.org/W2030097853', 'https://openalex.org/W2031538854', 'https://openalex.org/W2033614115', 'https://openalex.org/W2037098765', 'https://openalex.org/W2040920346', 'https://openalex.org/W2042228598', 'https://openalex.org/W2045001586', 'https://openalex.org/W2045108252', 'https://openalex.org/W2050312581', 'https://openalex.org/W2053549370', 'https://openalex.org/W2054449235', 'https://openalex.org/W2058235471', 'https://openalex.org/W2063046703', 'https://openalex.org/W2065329645', 'https://openalex.org/W2065691117', 'https://openalex.org/W2067122258', 'https://openalex.org/W2071260113', 'https://openalex.org/W2080687974', 'https://openalex.org/W2082189729', 'https://openalex.org/W2084208332', 'https://openalex.org/W2084773904', 'https://openalex.org/W2086431959', 'https://openalex.org/W2087787968', 'https://openalex.org/W2088296258', 'https://openalex.org/W2089570148', 'https://openalex.org/W2098072594', 'https://openalex.org/W2105822516', 'https://openalex.org/W2105915632', 'https://openalex.org/W2108680868', 'https://openalex.org/W2113698670', 'https://openalex.org/W2128438887', 'https://openalex.org/W2129523794', 'https://openalex.org/W2133504507', 'https://openalex.org/W2135455887', 'https://openalex.org/W2145189093', 'https://openalex.org/W2148373332', 'https://openalex.org/W2161133420', 'https://openalex.org/W2161400247', 'https://openalex.org/W2164574508', 'https://openalex.org/W2166781513', 'https://openalex.org/W2168957479', 'https://openalex.org/W2169089330', 'https://openalex.org/W2488172819', 'https://openalex.org/W3143689354', 'https://openalex.org/W4231729317', 'https://openalex.org/W4237045180', 'https://openalex.org/W4256681118', 'https://openalex.org/W6632339523']","['Computer science', 'Bibliometrics', 'Impact factor', 'Data science', 'Information retrieval', 'Library science', 'Political science']","['Computer science', 'Bibliometrics', 'Impact factor', 'Data science', 'Information retrieval', 'Library science', 'Political science', 'Law']",,80,,3,13,"Cobo MJ, 2015, Knowledge-Based Systems",[],,,,closed,[],[],,,"['Computer science', 'Bibliometrics', 'Impact factor', 'Data science', 'Information retrieval', 'Library science', 'Political science', 'Law']",[]
OpenAlex,https://openalex.org/W2885251002,10.1016/j.ijpe.2018.08.003,,Supply chain finance: A systematic literature review and bibliometric analysis,INTERNATIONAL JOURNAL OF PRODUCTION ECONOMICS,International Journal of Production Economics,2018,article,en,725,"['Xu X', 'Chen X', 'Jia F', 'Brown S', 'Gong Y', 'Xu Y']","['Xinhan Xu', 'Xiangfeng Chen', 'Fu Jia', 'Steve Brown', 'Yu Gong', 'Yifan Xu']","['Fudan University', 'Fudan University', 'University of York', 'University of Southampton', 'University of Southampton', 'Fudan University']",,"['https://openalex.org/W58954717', 'https://openalex.org/W1505999675', 'https://openalex.org/W1539510218', 'https://openalex.org/W1555112996', 'https://openalex.org/W1566819429', 'https://openalex.org/W1593496087', 'https://openalex.org/W1603746823', 'https://openalex.org/W1837097948', 'https://openalex.org/W1945114436', 'https://openalex.org/W1963765525', 'https://openalex.org/W1964643785', 'https://openalex.org/W1965017417', 'https://openalex.org/W1965746216', 'https://openalex.org/W1966472999', 'https://openalex.org/W1971738555', 'https://openalex.org/W1972980122', 'https://openalex.org/W1973363857', 'https://openalex.org/W1975667735', 'https://openalex.org/W1976233513', 'https://openalex.org/W1983200459', 'https://openalex.org/W1983277437', 'https://openalex.org/W1983535401', 'https://openalex.org/W1985954197', 'https://openalex.org/W1986109059', 'https://openalex.org/W1986516617', 'https://openalex.org/W1990441574', 'https://openalex.org/W1991074343', 'https://openalex.org/W1994889752', 'https://openalex.org/W1994948315', 'https://openalex.org/W1997658773', 'https://openalex.org/W1999432111', 'https://openalex.org/W1999757838', 'https://openalex.org/W2002582351', 'https://openalex.org/W2002772159', 'https://openalex.org/W2003915632', 'https://openalex.org/W2004931472', 'https://openalex.org/W2005613513', 'https://openalex.org/W2006852464', 'https://openalex.org/W2008488487', 'https://openalex.org/W2012314024', 'https://openalex.org/W2013704297', 'https://openalex.org/W2014917669', 'https://openalex.org/W2015431449', 'https://openalex.org/W2016884140', 'https://openalex.org/W2020568219', 'https://openalex.org/W2022342799', 'https://openalex.org/W2022514154', 'https://openalex.org/W2024229101', 'https://openalex.org/W2024916651', 'https://openalex.org/W2026816730', 'https://openalex.org/W2027050115', 'https://openalex.org/W2027362250', 'https://openalex.org/W2029722946', 'https://openalex.org/W2033341508', 'https://openalex.org/W2033494546', 'https://openalex.org/W2034679717', 'https://openalex.org/W2038920443', 'https://openalex.org/W2044192079', 'https://openalex.org/W2045496750', 'https://openalex.org/W2047626292', 'https://openalex.org/W2047940964', 'https://openalex.org/W2048945213', 'https://openalex.org/W2051649304', 'https://openalex.org/W2053824045', 'https://openalex.org/W2055095539', 'https://openalex.org/W2055761944', 'https://openalex.org/W2059503205', 'https://openalex.org/W2061736742', 'https://openalex.org/W2061770623', 'https://openalex.org/W2065402128', 'https://openalex.org/W2066636486', 'https://openalex.org/W2067119624', 'https://openalex.org/W2067335827', 'https://openalex.org/W2069180226', 'https://openalex.org/W2070319352', 'https://openalex.org/W2075689907', 'https://openalex.org/W2077753592', 'https://openalex.org/W2079860026', 'https://openalex.org/W2080905805', 'https://openalex.org/W2084618021', 'https://openalex.org/W2085781893', 'https://openalex.org/W2088618050', 'https://openalex.org/W2091523924', 'https://openalex.org/W2091914275', 'https://openalex.org/W2095009811', 'https://openalex.org/W2095727324', 'https://openalex.org/W2096639732', 'https://openalex.org/W2099332874', 'https://openalex.org/W2103075690', 'https://openalex.org/W2104102134', 'https://openalex.org/W2108584774', 'https://openalex.org/W2115682316', 'https://openalex.org/W2119939873', 'https://openalex.org/W2123455699', 'https://openalex.org/W2125910575', 'https://openalex.org/W2131681506', 'https://openalex.org/W2134850531', 'https://openalex.org/W2143180696', 'https://openalex.org/W2143674102', 'https://openalex.org/W2147477796', 'https://openalex.org/W2160235054', 'https://openalex.org/W2169140852', 'https://openalex.org/W2169429208', 'https://openalex.org/W2188731946', 'https://openalex.org/W2195029420', 'https://openalex.org/W2198114207', 'https://openalex.org/W2200222978', 'https://openalex.org/W2218772500', 'https://openalex.org/W2260981645', 'https://openalex.org/W2309584104', 'https://openalex.org/W2319794630', 'https://openalex.org/W2321207402', 'https://openalex.org/W2339026732', 'https://openalex.org/W2520296986', 'https://openalex.org/W2783728668', 'https://openalex.org/W2949130492', 'https://openalex.org/W2963978788', 'https://openalex.org/W3099768174', 'https://openalex.org/W3121549740', 'https://openalex.org/W3121909128', 'https://openalex.org/W3122849634', 'https://openalex.org/W3123290315', 'https://openalex.org/W3123841627', 'https://openalex.org/W3124093388', 'https://openalex.org/W3124143577', 'https://openalex.org/W3125505924', 'https://openalex.org/W3125653170', 'https://openalex.org/W3149529344', 'https://openalex.org/W4302335834', 'https://openalex.org/W4400992107', 'https://openalex.org/W6602386277', 'https://openalex.org/W6662422044', 'https://openalex.org/W6679070811', 'https://openalex.org/W6695650940', 'https://openalex.org/W7015663175']","['Trade credit', 'Supply chain', 'Mainstream', 'Payment', 'Systematic review', 'Field (mathematics)', 'Service (business)', 'Computer science', 'Finance', 'Business', 'Marketing', 'Political science']","['Trade credit', 'Supply chain', 'Mainstream', 'Payment', 'Systematic review', 'Field (mathematics)', 'Service (business)', 'Computer science', 'Finance', 'Business', 'Marketing', 'Political science', 'Mathematics', 'Law', 'MEDLINE', 'Pure mathematics']",,204,,160,173,"Xu X, 2018, International Journal of Production Economics",[],,,,closed,[],[],,,"['Trade credit', 'Supply chain', 'Mainstream', 'Payment', 'Systematic review', 'Field (mathematics)', 'Service (business)', 'Computer science', 'Finance', 'Business', 'Marketing', 'Political science', 'Mathematics', 'Law', 'MEDLINE', 'Pure mathematics']",[]
OpenAlex,https://openalex.org/W1856837095,10.1023/a:1014848323806,,Journal impact measures in bibliometric research,SCIENTOMETRICS,Scientometrics,2002,article,en,563,"['Glänzel W', 'Moed HF']","['Wolfgang Glänzel', 'Henk F. Moed']",['Leiden University'],,"['https://openalex.org/W1966798973', 'https://openalex.org/W1966973870', 'https://openalex.org/W1972388183', 'https://openalex.org/W1974024430', 'https://openalex.org/W1976620368', 'https://openalex.org/W1979403127', 'https://openalex.org/W1981678650', 'https://openalex.org/W1982173809', 'https://openalex.org/W1986452940', 'https://openalex.org/W1988263507', 'https://openalex.org/W1991217140', 'https://openalex.org/W2002947327', 'https://openalex.org/W2003311043', 'https://openalex.org/W2004398019', 'https://openalex.org/W2010199062', 'https://openalex.org/W2011111873', 'https://openalex.org/W2015226907', 'https://openalex.org/W2029138605', 'https://openalex.org/W2029391677', 'https://openalex.org/W2040517495', 'https://openalex.org/W2040697278', 'https://openalex.org/W2053549370', 'https://openalex.org/W2054953857', 'https://openalex.org/W2058241180', 'https://openalex.org/W2061312249', 'https://openalex.org/W2071113256', 'https://openalex.org/W2087154368', 'https://openalex.org/W2092022048', 'https://openalex.org/W2108460799', 'https://openalex.org/W2117586052', 'https://openalex.org/W2398317668', 'https://openalex.org/W2519033397', 'https://openalex.org/W3022151176', 'https://openalex.org/W4241086622', 'https://openalex.org/W4242352765', 'https://openalex.org/W4252144316', 'https://openalex.org/W4252262423', 'https://openalex.org/W4285719527']","['Citation', 'Impact factor', 'Bibliometrics', 'Computer science', 'Reliability (semiconductor)', 'Context (archaeology)', 'Data science', 'Citation analysis', 'Measure (data warehouse)', 'Scientific literature', 'Information retrieval', 'Statistics', 'Operations research', 'Data mining', 'Mathematics', 'Library science', 'Political science', 'History']","['Citation', 'Impact factor', 'Bibliometrics', 'Computer science', 'Reliability (semiconductor)', 'Context (archaeology)', 'Data science', 'Citation analysis', 'Measure (data warehouse)', 'Scientific literature', 'Information retrieval', 'Statistics', 'Operations research', 'Data mining', 'Mathematics', 'Library science', 'Political science', 'History', 'Law', 'Archaeology', 'Paleontology', 'Biology', 'Power (physics)', 'Quantum mechanics', 'Physics']",,53,2,171,193,"Glänzel W, 2002, Scientometrics",[],,,,green,[],[],,,"['Citation', 'Impact factor', 'Bibliometrics', 'Computer science', 'Reliability (semiconductor)', 'Context (archaeology)', 'Data science', 'Citation analysis', 'Measure (data warehouse)', 'Scientific literature', 'Information retrieval', 'Statistics', 'Operations research', 'Data mining', 'Mathematics', 'Library science', 'Political science', 'History', 'Law', 'Archaeology', 'Paleontology', 'Biology', 'Power (physics)', 'Quantum mechanics', 'Physics']",[]
OpenAlex,https://openalex.org/W3192603459,10.1007/bf02017219,,Patent bibliometrics,SCIENTOMETRICS,Scientometrics,1994,article,en,357,['Narin F'],['Francis Narin'],['ipIQ'],,"['https://openalex.org/W1546171873', 'https://openalex.org/W2002105292', 'https://openalex.org/W2059369918', 'https://openalex.org/W2075964238', 'https://openalex.org/W2463095032', 'https://openalex.org/W3121166719', 'https://openalex.org/W4300497772']","['Bibliometrics', 'Citation', 'Citation analysis', 'Scientific literature', 'Productivity', 'Scientometrics', 'Informetrics', 'Patent analysis', 'Skewness', 'Data science', 'Regional science', 'Computer science', 'Library science', 'Geography', 'Economics', 'Econometrics', 'Biology']","['Bibliometrics', 'Citation', 'Citation analysis', 'Scientific literature', 'Productivity', 'Scientometrics', 'Informetrics', 'Patent analysis', 'Skewness', 'Data science', 'Regional science', 'Computer science', 'Library science', 'Geography', 'Economics', 'Econometrics', 'Biology', 'Macroeconomics', 'Paleontology']",,30,1,147,155,"Narin F, 1994, Scientometrics",[],,,,closed,[],[],,,"['Bibliometrics', 'Citation', 'Citation analysis', 'Scientific literature', 'Productivity', 'Scientometrics', 'Informetrics', 'Patent analysis', 'Skewness', 'Data science', 'Regional science', 'Computer science', 'Library science', 'Geography', 'Economics', 'Econometrics', 'Biology', 'Macroeconomics', 'Paleontology']",[]
OpenAlex,https://openalex.org/W1748004804,10.1016/j.jbusres.2015.10.033,,A bibliometric analysis of social entrepreneurship,JOURNAL OF BUSINESS RESEARCH,Journal of Business Research,2015,article,en,647,"['Rey‐Martí A', 'Soriano DR', 'Palacios‐Marqués D']","['Andrea Rey‐Martí', 'Domingo Ribeiro Soriano', 'Daniel Palacios‐Marqués']","['Universitat de València', 'Universitat de València', 'Universitat Politècnica de València']",,"['https://openalex.org/W653916540', 'https://openalex.org/W1515302379', 'https://openalex.org/W1544089757', 'https://openalex.org/W1713342896', 'https://openalex.org/W1923288562', 'https://openalex.org/W1963904310', 'https://openalex.org/W1980902933', 'https://openalex.org/W2005706022', 'https://openalex.org/W2007017983', 'https://openalex.org/W2031049320', 'https://openalex.org/W2047096045', 'https://openalex.org/W2048250974', 'https://openalex.org/W2051785765', 'https://openalex.org/W2053928690', 'https://openalex.org/W2103253643', 'https://openalex.org/W2103630367', 'https://openalex.org/W2106488066', 'https://openalex.org/W2106529082', 'https://openalex.org/W2128438887', 'https://openalex.org/W2138986848', 'https://openalex.org/W2139081384', 'https://openalex.org/W2152323070', 'https://openalex.org/W2160004216', 'https://openalex.org/W2160233905', 'https://openalex.org/W2165022267', 'https://openalex.org/W2908446710', 'https://openalex.org/W3121439200', 'https://openalex.org/W3125043858', 'https://openalex.org/W4241081299', 'https://openalex.org/W6757497614']","['Publication', 'Entrepreneurship', 'Boom', 'Social entrepreneurship', 'Sociology', 'Phenomenon', 'Public relations', 'Social science', 'Political science', 'Business', 'Advertising', 'Engineering']","['Publication', 'Entrepreneurship', 'Boom', 'Social entrepreneurship', 'Sociology', 'Phenomenon', 'Public relations', 'Social science', 'Political science', 'Business', 'Advertising', 'Engineering', 'Law', 'Environmental engineering', 'Quantum mechanics', 'Physics']",,69,5,1651,1655,"Rey‐Martí A, 2015, Journal of Business Research",[],,,,closed,[],[],,,"['Publication', 'Entrepreneurship', 'Boom', 'Social entrepreneurship', 'Sociology', 'Phenomenon', 'Public relations', 'Social science', 'Political science', 'Business', 'Advertising', 'Engineering', 'Law', 'Environmental engineering', 'Quantum mechanics', 'Physics']",[]
OpenAlex,https://openalex.org/W2289522766,10.1111/jpim.12312,,A Bibliometric Review of Open Innovation: Setting a Research Agenda,JOURNAL OF PRODUCT INNOVATION MANAGEMENT,Journal of Product Innovation Management,2016,review,en,744,"['Randhawa K', 'Wilden R', 'Hohberger J']","['Krithika Randhawa', 'Ralf Wilden', 'Jan Hohberger']","['University of Technology Sydney', 'University of Technology Sydney', 'University of Technology Sydney']",,"['https://openalex.org/W91843373', 'https://openalex.org/W133819907', 'https://openalex.org/W293046575', 'https://openalex.org/W381813487', 'https://openalex.org/W584504328', 'https://openalex.org/W595652401', 'https://openalex.org/W632682304', 'https://openalex.org/W633149545', 'https://openalex.org/W1490974767', 'https://openalex.org/W1511351087', 'https://openalex.org/W1516346799', 'https://openalex.org/W1527311855', 'https://openalex.org/W1536937222', 'https://openalex.org/W1542405687', 'https://openalex.org/W1544923555', 'https://openalex.org/W1551036771', 'https://openalex.org/W1551195332', 'https://openalex.org/W1556178170', 'https://openalex.org/W1573227503', 'https://openalex.org/W1574951898', 'https://openalex.org/W1576643967', 'https://openalex.org/W1701337253', 'https://openalex.org/W1780382453', 'https://openalex.org/W1955749066', 'https://openalex.org/W1963620920', 'https://openalex.org/W1966227608', 'https://openalex.org/W1966538856', 'https://openalex.org/W1967736415', 'https://openalex.org/W1970136843', 'https://openalex.org/W1970994294', 'https://openalex.org/W1971494700', 'https://openalex.org/W1973195099', 'https://openalex.org/W1973459906', 'https://openalex.org/W1973494052', 'https://openalex.org/W1973814864', 'https://openalex.org/W1974334717', 'https://openalex.org/W1974619358', 'https://openalex.org/W1974767620', 'https://openalex.org/W1979461265', 'https://openalex.org/W1979573937', 'https://openalex.org/W1980259745', 'https://openalex.org/W1981736285', 'https://openalex.org/W1982562184', 'https://openalex.org/W1983759269', 'https://openalex.org/W1986617055', 'https://openalex.org/W1987258130', 'https://openalex.org/W1988558440', 'https://openalex.org/W1991781764', 'https://openalex.org/W1998061582', 'https://openalex.org/W1999216122', 'https://openalex.org/W2003195755', 'https://openalex.org/W2005207065', 'https://openalex.org/W2005475212', 'https://openalex.org/W2006479099', 'https://openalex.org/W2007070420', 'https://openalex.org/W2008955608', 'https://openalex.org/W2009724769', 'https://openalex.org/W2011136314', 'https://openalex.org/W2011341343', 'https://openalex.org/W2012382172', 'https://openalex.org/W2013248312', 'https://openalex.org/W2018037649', 'https://openalex.org/W2018836895', 'https://openalex.org/W2018915326', 'https://openalex.org/W2020254916', 'https://openalex.org/W2020913499', 'https://openalex.org/W2021270290', 'https://openalex.org/W2023269939', 'https://openalex.org/W2024874075', 'https://openalex.org/W2025903974', 'https://openalex.org/W2028477235', 'https://openalex.org/W2034592824', 'https://openalex.org/W2039915958', 'https://openalex.org/W2042628596', 'https://openalex.org/W2043711666', 'https://openalex.org/W2045175138', 'https://openalex.org/W2045361825', 'https://openalex.org/W2046375499', 'https://openalex.org/W2051444326', 'https://openalex.org/W2055262634', 'https://openalex.org/W2057110636', 'https://openalex.org/W2057527941', 'https://openalex.org/W2058913805', 'https://openalex.org/W2060772473', 'https://openalex.org/W2060827592', 'https://openalex.org/W2061819247', 'https://openalex.org/W2061977616', 'https://openalex.org/W2064259223', 'https://openalex.org/W2064539345', 'https://openalex.org/W2067180734', 'https://openalex.org/W2070539194', 'https://openalex.org/W2075338797', 'https://openalex.org/W2076491080', 'https://openalex.org/W2079594247', 'https://openalex.org/W2081074842', 'https://openalex.org/W2081175252', 'https://openalex.org/W2082298179', 'https://openalex.org/W2085984666', 'https://openalex.org/W2087712586', 'https://openalex.org/W2087765149', 'https://openalex.org/W2089402107', 'https://openalex.org/W2091616005', 'https://openalex.org/W2092928779', 'https://openalex.org/W2093505263', 'https://openalex.org/W2094153072', 'https://openalex.org/W2099008647', 'https://openalex.org/W2103119108', 'https://openalex.org/W2104948296', 'https://openalex.org/W2106522171', 'https://openalex.org/W2106696434', 'https://openalex.org/W2108685415', 'https://openalex.org/W2108795964', 'https://openalex.org/W2109469951', 'https://openalex.org/W2110621765', 'https://openalex.org/W2110707085', 'https://openalex.org/W2113231238', 'https://openalex.org/W2114026318', 'https://openalex.org/W2115749709', 'https://openalex.org/W2116199508', 'https://openalex.org/W2118243939', 'https://openalex.org/W2119652992', 'https://openalex.org/W2120969145', 'https://openalex.org/W2121266506', 'https://openalex.org/W2121661819', 'https://openalex.org/W2122910380', 'https://openalex.org/W2123709218', 'https://openalex.org/W2125111810', 'https://openalex.org/W2127904200', 'https://openalex.org/W2129432581', 'https://openalex.org/W2131681506', 'https://openalex.org/W2132223925', 'https://openalex.org/W2132454116', 'https://openalex.org/W2134548375', 'https://openalex.org/W2135010169', 'https://openalex.org/W2135260292', 'https://openalex.org/W2135322495', 'https://openalex.org/W2135526934', 'https://openalex.org/W2136071264', 'https://openalex.org/W2139322288', 'https://openalex.org/W2140821258', 'https://openalex.org/W2140956556', 'https://openalex.org/W2141951329', 'https://openalex.org/W2142257426', 'https://openalex.org/W2143718277', 'https://openalex.org/W2146702706', 'https://openalex.org/W2147408766', 'https://openalex.org/W2148595419', 'https://openalex.org/W2149744047', 'https://openalex.org/W2150587481', 'https://openalex.org/W2152963130', 'https://openalex.org/W2153978356', 'https://openalex.org/W2156062675', 'https://openalex.org/W2156578941', 'https://openalex.org/W2164284962', 'https://openalex.org/W2166737518', 'https://openalex.org/W2167142086', 'https://openalex.org/W2167693484', 'https://openalex.org/W2170105102', 'https://openalex.org/W2171877591', 'https://openalex.org/W2172104004', 'https://openalex.org/W2179492332', 'https://openalex.org/W2298076423', 'https://openalex.org/W2320098007', 'https://openalex.org/W2321650456', 'https://openalex.org/W2323405617', 'https://openalex.org/W2443859948', 'https://openalex.org/W2496343258', 'https://openalex.org/W2501697488', 'https://openalex.org/W2522115627', 'https://openalex.org/W2580050735', 'https://openalex.org/W2735424014', 'https://openalex.org/W2774071998', 'https://openalex.org/W2922991056', 'https://openalex.org/W2944284843', 'https://openalex.org/W2992977518', 'https://openalex.org/W3099768174', 'https://openalex.org/W3121640122', 'https://openalex.org/W3121647552', 'https://openalex.org/W3121835417', 'https://openalex.org/W3122672724', 'https://openalex.org/W3123293202', 'https://openalex.org/W3123304754', 'https://openalex.org/W3123336377', 'https://openalex.org/W3123393807', 'https://openalex.org/W3123397884', 'https://openalex.org/W3124370699', 'https://openalex.org/W3124536214', 'https://openalex.org/W3125571233', 'https://openalex.org/W3125693715', 'https://openalex.org/W3125769622', 'https://openalex.org/W3125831591', 'https://openalex.org/W3126059056', 'https://openalex.org/W3147862767', 'https://openalex.org/W3217264615', 'https://openalex.org/W4210702550', 'https://openalex.org/W4235678817', 'https://openalex.org/W4244387885', 'https://openalex.org/W4245796461', 'https://openalex.org/W4245961435', 'https://openalex.org/W4247184660', 'https://openalex.org/W4285719527', 'https://openalex.org/W4299601558', 'https://openalex.org/W4388169926', 'https://openalex.org/W6679627714', 'https://openalex.org/W6771234201']","['Underpinning', 'Open innovation', 'Knowledge management', 'Citation', 'Field (mathematics)', 'Perspective (graphical)', 'Sociology', 'Service (business)', 'Empirical research', 'Business', 'Marketing', 'Public relations', 'Computer science', 'Political science']","['Underpinning', 'Open innovation', 'Knowledge management', 'Citation', 'Field (mathematics)', 'Perspective (graphical)', 'Sociology', 'Service (business)', 'Empirical research', 'Business', 'Marketing', 'Public relations', 'Computer science', 'Political science', 'World Wide Web', 'Civil engineering', 'Pure mathematics', 'Engineering', 'Philosophy', 'Epistemology', 'Mathematics', 'Artificial intelligence']","Through an objective, systematic, and comprehensive review of the literature on open innovation (OI), this article identifies gaps in existing research, and provides recommendations on how hitherto unused or underused organizational, management, and marketing theories can be applied to advance the field. This study adopts a novel approach by combining two complementary bibliometric methods of co‐citation analysis and text mining of 321 journal articles on OI that enables a robust empirical analysis of the intellectual streams and key concepts underpinning OI. Results reveal that researchers do not sufficiently draw on theoretical perspectives external to the field to examine multiple facets of OI. Research also seems confined to innovation‐specific journals with its focus restricted to a select few OI issues, thereby exerting limited influence on the wider business community. This study reveals three distinct areas within OI research: (1) firm‐centric aspects of OI, (2) management of OI networks, and (3) role of users and communities in OI. Thus far, studies have predominantly investigated the firm‐centric aspects of OI, with a particular focus on the role of knowledge, technology, and R&amp;D from the innovating firm's perspective, while the other two areas remain relatively under‐researched. Further gaps in the literature emerge that present avenues for future research, namely to: (1) develop a more comprehensive understanding of OI by including diverse perspectives (users, networks, and communities), (2) direct increased attention to OI strategy formulation and implementation, and (3) enhance focus on customer co‐creation and conceptualize “open service innovation.” Marketing (e.g., service‐dominant logic), organizational behavior (e.g., communities of practice), and management (e.g., dynamic capabilities) offer suitable theoretical lenses and/or concepts to address these gaps.",33,6,750,772,"Randhawa K, 2016, Journal of Product Innovation Management",[],,,,closed,[],[],,,"['Underpinning', 'Open innovation', 'Knowledge management', 'Citation', 'Field (mathematics)', 'Perspective (graphical)', 'Sociology', 'Service (business)', 'Empirical research', 'Business', 'Marketing', 'Public relations', 'Computer science', 'Political science', 'World Wide Web', 'Civil engineering', 'Pure mathematics', 'Engineering', 'Philosophy', 'Epistemology', 'Mathematics', 'Artificial intelligence']",[]
