DB,UT,DI,PMID,TI,SO,JI,PY,DT,LA,TC,AU,AF,C1,RP,CR,DE,ID,AB,VL,IS,BP,EP,SR,AU_UN,AU1_UN,SN,PU,OA,OI,EM,FU,FX,SC,WC
PubMed,PMID:42177854,10.1016/j.clinsp.2026.100998,42177854,Allergen-specific immunotherapy in rhinitis patients is associated with milder COVID-19 symptoms and improved quality of life.,"CLINICS (SAO PAULO, BRAZIL)",Clinics (Sao Paulo),2026,Journal Article,eng,0,"['Li H', 'Wang R', 'Yu B', 'He J', 'Hu Y', 'Xie Z', 'Xiao Z']","['Li Hanqiao', 'Wang Renkang', 'Yu Benquan', 'He Jun', 'Hu Yibo', 'Xie Zuozhong', ""Xiao Zi'an""]","['Department of Otolaryngology Head and Neck Surgery, The Second Xiangya Hospital, Central South University, Changsha, Hunan Province, China', 'Institute of Otology, Central South University, Changsha, Hunan Province, China', 'Laboratory of Otolaryngology Head and Neck Cancer, The Second Xiangya Hospital, Central South University, Changsha, Hunan Province, China. Electronic address: liqiaoqiao0916@163.com.', 'Department of Otolaryngology Head and Neck Surgery, The Second Xiangya Hospital, Central South University, Changsha, Hunan Province, China', 'Institute of Otology, Central South University, Changsha, Hunan Province, China', 'Laboratory of Otolaryngology Head and Neck Cancer, The Second Xiangya Hospital, Central South University, Changsha, Hunan Province, China. Electronic address: wangrenkangent@163.com.', 'Department of Otolaryngology Head and Neck Surgery, The Second Xiangya Hospital, Central South University, Changsha, Hunan Province, China', 'Institute of Otology, Central South University, Changsha, Hunan Province, China', 'Laboratory of Otolaryngology Head and Neck Cancer, The Second Xiangya Hospital, Central South University, Changsha, Hunan Province, China. Electronic address: yubenquan8077@163.com.', 'Department of Otolaryngology Head and Neck Surgery, Stanford University School of Medicine, Stanford, CA, USA. Electronic address: he05@stanford.edu.', 'Clinical Research Center, The Second Xiangya Hospital, Central South University, Changsha, Hunan, China. Electronic address: huyibo124@163.com.', 'Department of Otolaryngology Head and Neck Surgery, The Second Xiangya Hospital, Central South University, Changsha, Hunan Province, China', 'Institute of Otology, Central South University, Changsha, Hunan Province, China', 'Laboratory of Otolaryngology Head and Neck Cancer, The Second Xiangya Hospital, Central South University, Changsha, Hunan Province, China. Electronic address: zuozhongxie@csu.edu.cn.', 'Department of Otolaryngology Head and Neck Surgery, The Second Xiangya Hospital, Central South University, Changsha, Hunan Province, China', 'Institute of Otology, Central South University, Changsha, Hunan Province, China', 'Laboratory of Otolaryngology Head and Neck Cancer, The Second Xiangya Hospital, Central South University, Changsha, Hunan Province, China. Electronic address: xiaozian@csu.edu.cn.']",,[],[],"['Allergen-specific immunotherapy', 'Allergic rhinitis', 'COVID-19', 'Clinical characteristics', 'Prognosis']","PURPOSE: This retrospective study investigated the impact of Allergic Rhinitis (AR) patients receiving Allergen-specific Immunotherapy (AIT) on Coronavirus Disease 2019 (COVID-19) infection, clinical characteristics, and prognosis. METHODS: This was a single-center, retrospective cohort study that included patients with AR who received subcutaneous desensitization with Aloege or sublingual desensitization from 10 December to 31 March 2023 at Changsha The Second Xiangya Hospital, China. RESULTS: The investigation comprised 761 outpatients, including 336 individuals with allergic rhinitis who underwent AIT and 425 healthy subjects. Patients with AR who received AIT treatment showed a significantly lower risk of COVID-19 infection in the multivariate analysis (OR=0.48, p = 0.005). The probability of developing hyposmia after contracting COVID-19 was reduced in the experimental cohort compared to the control cohort (OR = 0.39, 95 % CI 0.27‒0.57, p < 0.001). Additionally, the test group experienced a reduction in sore throat (OR = 0.32, 95 % CI 0.22‒0.47, p < 0.001) and a shorter duration of systemic symptoms (OR = 0.49, 95 % CI 0.34‒0.7, p < 0.001) following COVID-19 infection. Furthermore, it was discovered that the impact on quality of life after COVID-19 infection was significantly different between the two groups, with the test group exhibiting a higher quality of life compared to the control group (p < 0.001). CONCLUSION: During a concentrated or sudden outbreak of COVID-19, patients with AR who received AIT had a lower proportion of hyposmia than the healthy population, and the severity of sore throat and its impact on quality of life were relatively mild.",81,,100998,,"Li H, 2026, Clinics (Sao Paulo)",[],,1980-5322,,,[],[],,,[],[]
PubMed,PMID:42177274,10.1038/s41598-026-54259-9,42177274,"Nutrient-wide associations of asthma, atopic dermatitis, and allergic rhinitis in Korean adults: a cross-sectional analysis of KNHANES 2016-2023.",SCIENTIFIC REPORTS,Sci Rep,2026,Journal Article,eng,0,"['Hwang YK', 'Min HJ']","['Hwang Yu Kyoung', 'Min Hyo-Jin']","['Division of Allergy, Department of Internal Medicine, Chungbuk National University Hospital, 776 1 Sunhwan-ro, Seowon-gu, Cheongju-si, 28644, Chungcheongbuk-do, Korea, Republic of. ashleyhwang11@gmail.com.', 'Cheongju Osong National Advanced Clinical Trial Center, ChungBuk National University Hospital, Cheongju-si, Korea, Republic of.']",,[],[],"['Allergic rhinitis', 'Asthma', 'Atopic dermatitis', 'KNHANES', 'Nutrient-wide association study']","Diet may influence allergic disease risk through oxidative stress, inflammatory signaling, and immune pathways. However, evidence for specific nutrients remains inconsistent, particularly in Asian adult populations. We examined nutrient-wide associations with asthma, allergic rhinitis, and atopic dermatitis in a nationally representative cohort of Korean adults to systematically characterize nutrient-allergy relationships at the population level. We conducted a cross-sectional analysis of 37,808 adults (≥ 18 years) from the Korea National Health and Nutrition Examination Survey (KNHANES) 2016-2023. Physician-diagnosed asthma, allergic rhinitis, and atopic dermatitis were identified using standardized questionnaires. Dietary exposure was assessed using a 24-hour dietary recall, from which absolute daily intakes of 28 nutrients were derived. Nutrient variables were transformed as appropriate and standardized to 1-standard-deviation (SD) increments. For each outcome, we fitted survey-weighted logistic regression models with sequential adjustment for demographic and lifestyle covariates. Multiple testing was addressed using false discovery rate (FDR) control (q values < 0.05). In fully adjusted models, greater intakes of total dietary fiber, potassium, and magnesium were associated with lower odds of asthma and remained significant under FDR correction (q < 0.05), with odds ratios (OR) per 1-SD increase ranging from 0.80 to 0.90. In contrast, allergic rhinitis showed positive associations with higher intakes of total fat, vitamin E, riboflavin, and potassium, which also met the FDR criterion (ORs per 1-SD increase approximately 1.05-1.15). For atopic dermatitis, no nutrient achieved FDR significance. In this nutrient-wide evaluation among Korean adults, only a limited subset of nutrients showed robust associations with asthma or allergic rhinitis, and the direction of association varied by allergic diseases. These findings underscore heterogeneity in diet-allergy relationships and support the value of nutrient-wide approaches for prioritizing targets for future prospective research.",,,,,"Hwang YK, 2026, Sci Rep",[],,2045-2322,,,[],[],,,[],[]
PubMed,PMID:42174398,10.1002/lary.70616,42174398,Longitudinal SNOT-22 Symptom Changes With Sublingual Immunotherapy (SLIT).,THE LARYNGOSCOPE,Laryngoscope,2026,Journal Article,eng,0,"['Zheng W', 'Chang JL', 'Butrymowicz A']","['Zheng Wynne', 'Chang Jolie L', 'Butrymowicz Anna']","['Department of Otolaryngology-Head and Neck Surgery, University of California San Francisco, San Francisco, California, USA.', 'Department of Otolaryngology-Head and Neck Surgery, University of California San Francisco, San Francisco, California, USA.', 'Department of Otolaryngology-Head and Neck Surgery, University of California San Francisco, San Francisco, California, USA.']",,[],[],"['SNOT‐22', 'allergic rhinitis', 'patient‐reported outcomes', 'sublingual immunotherapy']","OBJECTIVE: Despite widespread use of nasal corticosteroids and oral antihistamines, many patients with allergic rhinitis (AR) have persistent nasal congestion/obstruction and rhinorrhea with associated sleep disturbance and daytime fatigue. Sublingual immunotherapy (SLIT) is associated with reducing symptom burden and medication use. This study aims to evaluate time to clinical benefit and magnitude of first-year benefit after SLIT initiation. METHODS: Adult AR patients confirmed by skin or IgE testing who initiated allergen-directed SLIT were included. Sinonasal Outcome Test-22 (SNOT-22) and Rhinitis Control Assessment Test (RCAT) surveys were recorded at baseline, 1-6, and 6-12 months after SLIT. Longitudinal changes were assessed using repeated measures analysis of variance and minimal clinically important difference (MCID) thresholds. Exploratory analysis at 3 months was performed for a subset of patients. RESULTS: A total of 43 SLIT patients (mean age 42.1 ± 12.0 years; 40% female) were included and demonstrated significant reductions in total SNOT-22 scores at 1-6 months (-12.1 points; -35%) and 6-12 months (-12.5 points; -36%) (p < 0.01 from baseline). Nasal, sleep, and function SNOT-22 subscores each improved significantly from baseline, whereas the ear/facial subscore did not. MCID for total SNOT-22 was achieved by 54.3% of patients at 1-6 months. RCAT scores improved significantly at 1-6 months and 6-12 months. The proportion of patients with normal SNOT-22 score (≤ 8) increased from 4.7% at baseline to 24.1% at 6-12 months. CONCLUSIONS: SLIT was associated with symptom improvement within the first 6 months of therapy based on SNOT-22 and RCAT scores. Symptom score improvements persisted to 12 months, and findings support evidence of early nasal, sleep, and function symptom alleviation with SLIT.",,,,,"Zheng W, 2026, Laryngoscope",[],,1531-4995,,,[],[],,,[],[]
PubMed,PMID:42172462,10.24953/turkjpediatr.2026.7007,42172462,Nasal polyps in childhood: insights from a pediatric pulmonology cohort.,THE TURKISH JOURNAL OF PEDIATRICS,Turk J Pediatr,2026,Journal Article,eng,0,"['Kekeç H', 'Şişmanlar Eyüboğlu T', 'Çetinkaya AB', 'Kula N', 'Bozdağ F', 'Aslan AT']","['Kekeç Handan', 'Şişmanlar Eyüboğlu Tuğba', 'Çetinkaya Ali Buğra', 'Kula Nilgün', 'Bozdağ Fatma', 'Aslan Ayşe Tana']","['Department of Pediatric Pulmonology, Faculty of Medicine, Gazi University, Ankara, Türkiye.', 'Department of Pediatric Pulmonology, Faculty of Medicine, Gazi University, Ankara, Türkiye.', 'Department of Pediatric Pulmonology, Faculty of Medicine, Gazi University, Ankara, Türkiye.', 'Department of Pediatric Pulmonology, Faculty of Medicine, Gazi University, Ankara, Türkiye.', 'Department of Public Health, Faculty of Medicine, Gazi University, Ankara, Türkiye.', 'Department of Pediatric Pulmonology, Faculty of Medicine, Gazi University, Ankara, Türkiye.']",,[],"['Humans', 'Child', 'Female', 'Male', 'Cross-Sectional Studies', 'Adolescent', 'Child, Preschool', 'Nasal Polyps', 'Asthma', 'Infant', 'Cystic Fibrosis', 'Turkey', 'Nasal Obstruction']","['allergic rhinitis', 'asthma', 'cystic fibrosis', 'nasal polyp', 'primary ciliary dyskinesia']","INTRODUCTION: Nasal polyps (NP) are benign inflammatory growths originating from the nasal/paranasal sinus mucosa. NPs can occur independently or signify underlying respiratory conditions. This study aimed to evaluate the demographic and clinical characteristics of NPs in children at a pediatric pulmonology department. METHOD: This cross-sectional study included children aged 0-18 years diagnosed with NP at the pediatric pulmonology department from 2007 to 2025. Patients were categorized into four groups: cystic fibrosis (CF), primary ciliary dyskinesia (PCD), asthma/allergic rhinitis (AR), and undefined etiology. Demographic and clinical data were compared across these groups. RESULTS: A total of 47 (40.4% female) patients were included in the study. The median age of NP diagnosis was 11 years (4.6-17.8). The most common presenting symptoms were nasal obstruction (47, 100%) and mouth breathing during sleep (37, 78.7%). The etiological causes of NPs were PCD (13, 27.7%), CF (9, 19.1%), asthma/AR (11, 23.4%), and an undefined etiology (14, 29.8%). Bilateral NPs were present in 32 (68.1%) cases. In 27 (57.4%) patients, NP was the first presentation, with no other symptoms. Among all PCD patients, NP was the first presentation in 7 (53.8%) of cases. NP recurrence was documented in 14 patients (29.8%). No significant differences were observed among the groups in sex, growth z-scores, or age at NP diagnosis (p>0.05). Bilateral NPs were more common in the PCD group (92.3%) than in the CF (66.7%), asthma/AR (36.3%), and undefined groups (71.4%) (p=0.034). NP recurrence was more frequent in the CF group (66.7%) compared with the PCD (38.5%) and undefined groups (13.6%), while no recurrence was observed in the asthma/AR group (p=0.021). CONCLUSION: This study highlights the heterogeneity of pediatric NP in causes, presentation, and course. Patients with PCD often present bilaterally, while CF patients have the highest recurrence rate. In PCD, NP was the initial sign in over half of cases, suggesting isolated NP should prompt suspicion of PCD.",68,2,277,287,"Kekeç H, 2026, Turk J Pediatr",[],,2791-6421,,,[],[],,,[],[]
PubMed,PMID:42170212,10.2147/JAA.S598696,42170212,Severity-Dependent Association Between Allergic Rhinitis and Adenoid Hypertrophy in Dust Mite-Sensitized Children from Northern China: A Cross-Sectional Analysis of 170 Cases.,JOURNAL OF ASTHMA AND ALLERGY,J Asthma Allergy,2026,Journal Article,eng,0,"['Zhao B', 'Wang Y', 'Zhang H', 'Jin P', 'Jia T']","['Zhao Bo', 'Wang Yang', 'Zhang Hongyang', 'Jin Peng', 'Jia Tao']","[""Center of Stomatology, The Second Qilu Hospital of Shandong University, Jinan, Shandong, People's Republic of China."", ""Department of Otolaryngology, The Second Qilu Hospital of Shandong University, Jinan, People's Republic of China."", ""Department of Otolaryngology, The Second Qilu Hospital of Shandong University, Jinan, People's Republic of China."", ""Department of Otolaryngology, The Second Qilu Hospital of Shandong University, Jinan, People's Republic of China."", ""Department of Otolaryngology, The Second Qilu Hospital of Shandong University, Jinan, People's Republic of China.""]",,[],[],"['AH', 'allergen', 'allergic rhinitis', 'allergy', 'dust mite-sensitized']","BACKGROUND: Allergic rhinitis (AR) and adenoid hypertrophy (AH) frequently coexist in children, yet the relationship between allergic disease severity and the extent of adenoid enlargement remains incompletely defined. This study aimed to investigate the association between AR severity, allergic inflammatory burden, and the degree of AH in dust mite-sensitized children. METHODS: We conducted a cross-sectional analysis of 170 children with dust mite-sensitized AR from Northern China. AH was assessed by nasal endoscopy and classified as grade III or IV. AR severity was evaluated using the Total Nasal Symptom Score (TNSS), visual analogue scale (VAS), and Pediatric Rhinoconjunctivitis Quality of Life Questionnaire (PRQLQ-S). Allergic inflammatory markers included peripheral blood eosinophil counts (EOS), total IgE, and Dermatophagoides pteronyssinus (d1) and Dermatophagoides farinae (d2)-specific IgE. Group comparisons and Spearman correlation analyses were performed. RESULTS: Children with grade IV AH exhibited significantly higher TNSS, VAS scores, and nasal symptom burden compared with those with grade III hypertrophy (all P < 0.001). Nasal obstruction, rhinorrhea, and nasal itching scores were also significantly increased. TNSS (r = 0.426), VAS (r = 0.458), and PRQLQ-S (r = 0.348) showed moderate positive correlations with the percentage of choanal obstruction (all P < 0.001). In addition, eosinophil counts, total IgE, and dust mite-specific IgE levels demonstrated weaker but significant correlations with adenoid obstruction. CONCLUSION: AR severity is positively and dose-dependently associated with AH in dust mite-sensitized children. These findings suggest that adenoid enlargement is associated with clinical and immunological markers of allergic inflammation and highlight the importance of early and effective control of allergic rhinitis to prevent progressive AH.",19,,598696,,"Zhao B, 2026, J Asthma Allergy",[],,1178-6965,,,[],[],,,[],[]
PubMed,PMID:42169125,10.1186/s12967-026-08272-1,42169125,A pH-responsive miR-146a-loaded Gel/MSN nanocarrier enhances anti-inflammatory efficacy in allergic rhinitis through pyroptosis suppression.,JOURNAL OF TRANSLATIONAL MEDICINE,J Transl Med,2026,Journal Article,eng,0,"['Cui L', 'Yang Y', 'Hou S', 'Wang G', 'Zhao H', 'Hao Y', 'Mou Y', 'Zhang Y', 'Song X']","['Cui Limei', 'Yang Yujuan', 'Hou Saike', 'Wang Guangkuo', 'Zhao Hongfei', 'Hao Yan', 'Mou Yakui', 'Zhang Yu', 'Song Xicheng']","['Department of Otorhinolaryngology, Head and Neck Surgery, Yantai Yuhuangding Hospital, Qingdao University, Yantai, 264000, China.', 'Shandong Provincial Key Laboratory of Neuroimmune Interaction and Regulation, Yantai, 264000, China.', 'Shandong Provincial Clinical Research Center for Otorhinolaryngologic Diseases, Yantai, 264000, China.', 'Shandong Engineering Research Center for Precision Diagnosis and Treatment of Airway Diseases, Yantai, 264000, China.', 'Yantai Key Laboratory of Otorhinolaryngologic Diseases, Yantai, 264000, China.', 'Yantai Clinical Research Center for Otorhinolaryngologic Diseases, Yantai, 264000, China.', 'Department of Otorhinolaryngology, Head and Neck Surgery, Yantai Yuhuangding Hospital, Qingdao University, Yantai, 264000, China.', 'Shandong Provincial Key Laboratory of Neuroimmune Interaction and Regulation, Yantai, 264000, China.', 'Shandong Provincial Clinical Research Center for Otorhinolaryngologic Diseases, Yantai, 264000, China.', 'Shandong Engineering Research Center for Precision Diagnosis and Treatment of Airway Diseases, Yantai, 264000, China.', 'Yantai Key Laboratory of Otorhinolaryngologic Diseases, Yantai, 264000, China.', 'Yantai Clinical Research Center for Otorhinolaryngologic Diseases, Yantai, 264000, China.', 'Department of Otorhinolaryngology, Head and Neck Surgery, Yantai Yuhuangding Hospital, Qingdao University, Yantai, 264000, China.', 'Shandong Provincial Key Laboratory of Neuroimmune Interaction and Regulation, Yantai, 264000, China.', 'Shandong Provincial Clinical Research Center for Otorhinolaryngologic Diseases, Yantai, 264000, China.', 'Shandong Engineering Research Center for Precision Diagnosis and Treatment of Airway Diseases, Yantai, 264000, China.', 'Yantai Key Laboratory of Otorhinolaryngologic Diseases, Yantai, 264000, China.', 'Yantai Clinical Research Center for Otorhinolaryngologic Diseases, Yantai, 264000, China.', 'Second Clinical Medicine College, Binzhou Medical University, Yantai, 264000, China.', 'Department of Otolaryngology Head and Neck Surgery, Qilu Hospital (Qingdao), Cheeloo College of Medicine, Shandong University, Qingdao, China.', 'Department of Otorhinolaryngology, Head and Neck Surgery, Yantai Yuhuangding Hospital, Qingdao University, Yantai, 264000, China.', 'Shandong Provincial Key Laboratory of Neuroimmune Interaction and Regulation, Yantai, 264000, China.', 'Shandong Provincial Clinical Research Center for Otorhinolaryngologic Diseases, Yantai, 264000, China.', 'Shandong Engineering Research Center for Precision Diagnosis and Treatment of Airway Diseases, Yantai, 264000, China.', 'Yantai Key Laboratory of Otorhinolaryngologic Diseases, Yantai, 264000, China.', 'Yantai Clinical Research Center for Otorhinolaryngologic Diseases, Yantai, 264000, China.', 'Department of Otorhinolaryngology, Head and Neck Surgery, Yantai Yuhuangding Hospital, Qingdao University, Yantai, 264000, China.', 'Shandong Provincial Key Laboratory of Neuroimmune Interaction and Regulation, Yantai, 264000, China.', 'Shandong Provincial Clinical Research Center for Otorhinolaryngologic Diseases, Yantai, 264000, China.', 'Shandong Engineering Research Center for Precision Diagnosis and Treatment of Airway Diseases, Yantai, 264000, China.', 'Yantai Key Laboratory of Otorhinolaryngologic Diseases, Yantai, 264000, China.', 'Yantai Clinical Research Center for Otorhinolaryngologic Diseases, Yantai, 264000, China.', 'Shandong University of Traditional Chinese Medicine, Jinan, 250000, China.', 'Department of Otorhinolaryngology, Head and Neck Surgery, Yantai Yuhuangding Hospital, Qingdao University, Yantai, 264000, China.', 'Shandong Provincial Key Laboratory of Neuroimmune Interaction and Regulation, Yantai, 264000, China.', 'Shandong Provincial Clinical Research Center for Otorhinolaryngologic Diseases, Yantai, 264000, China.', 'Shandong Engineering Research Center for Precision Diagnosis and Treatment of Airway Diseases, Yantai, 264000, China.', 'Yantai Key Laboratory of Otorhinolaryngologic Diseases, Yantai, 264000, China.', 'Yantai Clinical Research Center for Otorhinolaryngologic Diseases, Yantai, 264000, China.', 'Department of Otorhinolaryngology, Head and Neck Surgery, Yantai Yuhuangding Hospital, Qingdao University, Yantai, 264000, China. superzhang013@163.com.', 'Shandong Provincial Key Laboratory of Neuroimmune Interaction and Regulation, Yantai, 264000, China. superzhang013@163.com.', 'Shandong Provincial Clinical Research Center for Otorhinolaryngologic Diseases, Yantai, 264000, China. superzhang013@163.com.', 'Shandong Engineering Research Center for Precision Diagnosis and Treatment of Airway Diseases, Yantai, 264000, China. superzhang013@163.com.', 'Yantai Key Laboratory of Otorhinolaryngologic Diseases, Yantai, 264000, China. superzhang013@163.com.', 'Yantai Clinical Research Center for Otorhinolaryngologic Diseases, Yantai, 264000, China. superzhang013@163.com.', 'Department of Otorhinolaryngology, Head and Neck Surgery, Yantai Yuhuangding Hospital, Qingdao University, Yantai, 264000, China. drxchsong@163.com.', 'Shandong Provincial Key Laboratory of Neuroimmune Interaction and Regulation, Yantai, 264000, China. drxchsong@163.com.', 'Shandong Provincial Clinical Research Center for Otorhinolaryngologic Diseases, Yantai, 264000, China. drxchsong@163.com.', 'Shandong Engineering Research Center for Precision Diagnosis and Treatment of Airway Diseases, Yantai, 264000, China. drxchsong@163.com.', 'Yantai Key Laboratory of Otorhinolaryngologic Diseases, Yantai, 264000, China. drxchsong@163.com.', 'Yantai Clinical Research Center for Otorhinolaryngologic Diseases, Yantai, 264000, China. drxchsong@163.com.']",,[],[],"['Allergic rhinitis', 'Mesoporous silica nanoparticles', 'Pyroptosis', 'miR-146a', 'pH-responsive hydrogel']","BACKGROUND: Allergic rhinitis (AR) is characterized by Th2-dominant inflammation. MicroRNA-146a (miR-146a) is a critical regulator of immune balance in AR, yet its therapeutic translation is severely limited by poor stability and inefficient local delivery. This study aimed to construct a pH-responsive chitosan-coated mesoporous silica (Gel/MSN) nanocarrier for the efficient intranasal delivery of miR-146a, and to evaluate its therapeutic efficacy and underlying mechanisms in AR. METHODS: The Gel/MSN platform was fabricated and characterized for its structural properties, miR-146a loading efficiency, and pH-triggered release profile. For in vivo evaluation, the nanocomposite was administered intranasally to an AR rat model. Therapeutic efficacy was assessed via behavioral scoring, serum IgE measurements, and the analysis of Th2 cytokines and pyroptosis-related mediators in the nasal mucosa. Biocompatibility was systematically evaluated through 15-day subacute toxicity studies and in vitro cellular assays. RESULTS: The synthesized Gel/MSNs possessed a well-defined mesoporous structure with a high specific surface area, enabling efficient miR-146a loading and sustained release under weakly acidic conditions. In vivo, Gel/MSN-miR146a exhibited excellent biocompatibility and markedly alleviated acute nasal symptoms in AR rats, significantly outperforming free miR-146a in reducing serum IgE and Th2 cytokine levels. Mechanistically, the nanocarrier enhanced local miR-146a bioavailability, effectively downregulating the IRAK1/TRAF6/NF-κB axis. Crucially, this treatment strongly suppressed the expression of pyroptosis-related proteins (NLRP3, Caspase-1, GSDMD) and effector cytokines (IL-1β, IL-18). Rescue experiments with the pyroptosis activator nigericin reversed the ameliorative effects of Gel/MSN-miR146a, confirming that pyroptosis suppression is essential for its anti-AR efficacy. CONCLUSIONS: We successfully developed a biocompatible, pH-responsive Gel/MSN nanocarrier for the efficient intranasal delivery of miR-146a. This platform exerts potent anti-AR effects via a dual mechanism: inhibiting Th2-driven inflammation and suppressing pyroptosis, offering a highly promising and translatable nanotherapeutic strategy for clinical AR management.",,,,,"Cui L, 2026, J Transl Med",[],,1479-5876,,,[],[],,,[],[]
PubMed,PMID:42167662,10.1016/j.jep.2026.121875,42167662,Andrographolide alleviates nasal mucosal inflammation in allergic rhinitis mice by inhibiting the IL-17/NF-κB pathway and downregulating MUC5AC expression.,JOURNAL OF ETHNOPHARMACOLOGY,J Ethnopharmacol,2026,Journal Article,eng,0,"['Xi J', 'Liu X', 'Yue X', 'He Y', 'He Y', 'Fan X', 'Hao H', 'Li J', 'Li J', 'Wang Z', 'Chen D']","['Xi Junfeng', 'Liu Xianzhi', 'Yue Xinyi', 'He Yibo', 'He Yue', 'Fan Xiangyi', 'Hao He', 'Li Jiayu', 'Li Jiaxuan', 'Wang Zhao', 'Chen Dong']","[""Department of ORL-HN, The First Affiliated Hospital of Jinzhou Medical University, Jinzhou,121000, People's Republic of China. Electronic address: xjf970617@163.com."", ""Department of ORL-HN, The First Affiliated Hospital of Jinzhou Medical University, Jinzhou,121000, People's Republic of China. Electronic address: liuxz@jzmu.edu.cn."", ""Department of Dermatology, Jinzhou Medical University, The First Affiliated Hospital of Jinzhou Medical University, Jinzhou,121000,People's Republic of China. Electronic address: 18386154313@163.com."", ""Department of ORL-HN, The First Affiliated Hospital of Jinzhou Medical University, Jinzhou,121000, People's Republic of China. Electronic address: 1220607387@qq.com."", ""Department of ORL-HN, The First Affiliated Hospital of Jinzhou Medical University, Jinzhou,121000, People's Republic of China. Electronic address: heyue7780@163.com."", ""Department of ORL-HN, The First Affiliated Hospital of Jinzhou Medical University, Jinzhou,121000, People's Republic of China. Electronic address: 903723167@qq.com."", ""Department of ORL-HN, The First Affiliated Hospital of Jinzhou Medical University, Jinzhou,121000, People's Republic of China. Electronic address: 1980944597@qq.com."", ""Department of ORL-HN, The First Affiliated Hospital of Jinzhou Medical University, Jinzhou,121000, People's Republic of China. Electronic address: 1942466324@qq.com."", ""Department of ORL-HN, The First Affiliated Hospital of Jinzhou Medical University, Jinzhou,121000, People's Republic of China. Electronic address: lijiaxuan2418@163.com."", ""Department of Otorhinolaryngology, Dongzhimen Hospital, The First Affiliated Hospital of Beijing University of Chinese Medicine, Beijing 100029, People's Republic of China"", ""Institute of Traditional Chinese Medicine Otorhinolaryngology Head and Neck Surgery, Dongzhimen Hospital, Beijing University of Chinese Medicine, Beijing,100700, People's Republic of China. Electronic address: entdoctorwang@126.com."", ""Department of ORL-HN, The First Affiliated Hospital of Jinzhou Medical University, Jinzhou,121000, People's Republic of China. Electronic address: drchendong@jzmu.edu.cn.""]",,[],[],[],"ETHNOPHARMACOLOGICAL RELEVANCE: Andrographolide (Andro), the major bioactive constituent of the traditional Chinese medicinal herb Andrographis paniculata (Burm.f.) Wall. ex Nees, possesses prominent pharmacological activities including anti-inflammatory and immunomodulatory effects. Clinically, it has been applied as a supplementary therapy for inflammatory respiratory conditions., yet its intervention efficacy in allergic rhinitis (AR) and its multidimensional molecular mechanisms involving ""anti-inflammatory-barrier protection"" remain poorly elucidated. AIM OF THE STUDY: To explore the mechanism by which Andro alleviates AR, evaluate its safety, and predict its potential therapeutic targets. MATERIALS AND METHODS: Public bioinformatic databases were applied to forecast the potential targets and signaling pathways. An OVA-induced mouse model of AR was established, and Andro was administered by intraperitoneal injection. In vitro, an inflammatory injury model was established by stimulating human nasal epithelial RPMI-2650 cells with IL-4/IL-13, and functional blockade experiments were performed using the IL-17-specific inhibitor ixekizumab. Nasal mucosa was collected for transcriptome sequencing, and differentially expressed genes (DEGs) were screened and further analyzed with predicted targets. Pathological changes, inflammatory factors, tight junction proteins, immune cell subsets and key pathway-related proteins were evaluated by immunofluorescence, ELISA, RT-qPCR, IHC, flow cytometry and WB. RESULTS: Network pharmacology analysis indicated that the IL-17 signaling pathway served as the core pathway of Andro against AR. Molecular docking and dynamics simulations show the stable binding between Andro and IL-17A. As demonstrated by a series of in vivo experiments, the administration of Andro resulted in a significant alleviation of nasal symptoms in AR mice. Furthermore, the serum levels of IgE, IL-17A, IL-6, and TNF-α were reduced, and the proportion of splenic CD4 + IL-17A + Th17 cells was dose-dependently decreased as determined by flow cytometry, and inflammatory cells infiltration in the nasal mucosa was suppressed. Meanwhile, Andro significantly inhibited goblet cell hyperplasia and MUC5AC overexpression, while dose-dependently restoring the expression of tight junction proteins ZO-1 and Occludin. In vitro experiments confirmed that Andro dose-dependently reversed IL-4/IL-13-induced inflammatory cytokine secretion, mucus hypersecretion and epithelial barrier damage in RPMI-2650 cells. Combined treatment with Andro and ixekizumab produced no additional additive effect, indicating that the protective effect of Andro may be dependent on the inhibition of the IL-17 signaling pathway. Mechanistically, Andro downregulated the transcription and protein expression of IL-17A, IL-17RA, and Act1, inhibited the phosphorylation of NF-κB p65, and blocked IL-17/NF-κB-mediated mucus hypersecretion and epithelial barrier damage. CONCLUSIONS: The therapeutic mechanism of Andro against AR involves suppressing nasal mucosal inflammation and repairing epithelial barrier function by inhibiting key protein expression in the IL-17/NF-κB pathway and downregulating MUC5AC expression. This targeted regulation effectively ameliorates pathological injury in AR.",,,121875,,"Xi J, 2026, J Ethnopharmacol",[],,1872-7573,,,[],[],,,[],[]
PubMed,PMID:42167406,10.1016/j.jaip.2026.05.009,42167406,Finding A Balance: Auricular Acupressure in the Allergy Clinic.,THE JOURNAL OF ALLERGY AND CLINICAL IMMUNOLOGY. IN PRACTICE,J Allergy Clin Immunol Pract,2026,Journal Article;Review,eng,0,"['Conway AE', 'Verdi M', 'Sinclair-Lian N', 'Fredlund E', 'Soffer GK', 'Sanders J', 'Kumar BP', 'Tsoulis M', 'Rider NL', 'Abrams EM', 'Hand M', 'Oppenheimer J', 'Shaker MS']","['Conway Alexandra E', 'Verdi Marylee', 'Sinclair-Lian Nityamo', 'Fredlund Eleni', 'Soffer Gary K', 'Sanders Jason', 'Kumar Brinda Prasanna', 'Tsoulis Michael', 'Rider Nicholas L', 'Abrams Elissa M', 'Hand Matthew', 'Oppenheimer John', 'Shaker Marcus S']","['Geisel School of Medicine at Dartmouth, Hanover, NH, USA.', 'Dartmouth College Student Health, Hanover, NH, USA.', 'Public Health Acupuncture of New Mexico, Albuquerque, NM', 'Department of Family and Community Medicine, University of New Mexico', 'Albuquerque, NM.', 'Public Health Acupuncture of New Mexico, Albuquerque, NM.', 'Department of Pulmonary, Allergy, Immunology and Sleep Medicine, Yale School of Medicine, New Haven, Connecticut, USA.', 'Dartmouth Hitchcock Medical Center, Department of Pediatrics, Lebanon, NH.', 'Dartmouth Hitchcock Medical Center, Section of Allergy and Immunology, Lebanon, NH, USA.', 'Dartmouth Hitchcock Medical Center, Section of Allergy and Immunology, Lebanon, NH, USA.', 'Virginia Tech Carilion School of Medicine, Department of Health Systems & Implementation Science, Roanoke, VA', 'Carilion Clinic, Department of Pediatrics, Section of Allergy-Immunology, Roanoke VA.', 'University of Manitoba, Winnipeg, Manitoba, Canada.', 'Dartmouth Hitchcock Medical Center, Department of Pediatrics, Lebanon, NH', 'Dartmouth-Hitchcock Medical Center, Section of Pediatric Nephrology, Lebanon, NH, USA', 'Dartmouth-Hitchcock Medical Center, Pediatric Integrative Medicine Initiative, Lebanon, NH, USA.', 'Department of Internal Medicine, University of Medicine and Dentistry of New Jersey - Rutgers New Jersey Medical School, Newark NJ, USA.', 'Dartmouth Hitchcock Medical Center, Department of Pediatrics, Lebanon, NH', 'Dartmouth Hitchcock Medical Center, Section of Allergy and Immunology, Lebanon, NH, USA', 'Geisel School of Medicine at Dartmouth, Department of Medicine, Hanover, NH. Electronic address: Marcus.shaker@dartmouth.edu.']",,[],[],"['acupuncture', 'allergic rhinitis', 'allergy', 'anaphylaxis', 'anxiety', 'asthma', 'auricular acupressure', 'evidence certainty', 'holistic care', 'integrative medicine', 'shared decision making']","Auricular point acupressure (APA) is a simple technique related to acupuncture, which dates back to the 1950s, with acupuncture tools dating back thousands of years. The APA approach involves the short-term placement of beads or seeds to specific points on the external ear. In more recent times, auricular acupressure and acupuncture have been used in a wide array of settings for a myriad of conditions, including in combat and emergency settings, and even adopted by the United States military healthcare system and Veterans Administration as an integrated approach to opioid reduction strategies. For patients with dysautonomia, APA can offer a holistic approach to help improve sleep, anxiety, depression, headache, and pain. While evidence supporting the uses of APA in food allergy and asthma is very low certainty, several systematic reviews and meta-analysis suggest possible benefit in rhinitis. Adverse effects are uncommon but may include auricular trauma, migration of APA seeds into the ear canal, contact dermatitis, or allergic reactions. With simple approaches that can be learned and applied rapidly by clinicians and patients alike, APA may represent a useful approach for some patients.",,,,,"Conway AE, 2026, J Allergy Clin Immunol Pract",[],,2213-2201,,,[],[],,,[],[]
PubMed,PMID:42165876,10.1007/s00405-026-10311-y,42165876,The mediating role of healthy lifestyle in the association between higher socioeconomic status and an increased risk of allergic rhinitis: an analysis of NHANES.,EUROPEAN ARCHIVES OF OTO-RHINO-LARYNGOLOGY : OFFICIAL JOURNAL OF THE EUROPEAN FEDERATION OF OTO-RHINO-LARYNGOLOGICAL SOCIETIES (EUFOS) : AFFILIATED WITH THE GERMAN SOCIETY FOR OTO-RHINO-LARYNGOLOGY - HEAD AND NECK SURGERY,Eur Arch Otorhinolaryngol,2026,Journal Article,eng,0,"['Chen J', 'Lai Z', 'Wu J', 'Chen W']","['Chen Jinghua', 'Lai Zhigang', 'Wu Junchun', 'Chen Weihua']","['Otorhinolaryngology head and neck surgery, Longyan First Affiliated Hospital of Fujian Medical University, No.105, Jiuyi Northern Street, Xinluo District, Longyan, Fujian, 364000, China.', 'Otorhinolaryngology head and neck surgery, Longyan First Affiliated Hospital of Fujian Medical University, No.105, Jiuyi Northern Street, Xinluo District, Longyan, Fujian, 364000, China.', 'Otorhinolaryngology head and neck surgery, Longyan First Affiliated Hospital of Fujian Medical University, No.105, Jiuyi Northern Street, Xinluo District, Longyan, Fujian, 364000, China.', 'Otorhinolaryngology head and neck surgery, Longyan First Affiliated Hospital of Fujian Medical University, No.105, Jiuyi Northern Street, Xinluo District, Longyan, Fujian, 364000, China. 13313925982@163.com.']",,[],[],"['Allergic rhinitis', 'Cross-sectional study', 'Healthy lifestyle', 'NHANES', 'Socioeconomic status']","BACKGROUND: The association between socioeconomic status (SES) and allergic rhinitis (AR) remains inconsistent, and the role of healthy lifestyle in mediating or modifying this relationship is not well characterized. METHODS: This cross-sectional study analyzed NHANES data from 3,463 U.S. adults collected in 2005-2006. Latent class analysis using education, PIR, occupation, health insurance, and marital status assessed SES. Healthy lifestyle scores were derived from smoking, drinking, physical activity, and diet. Associations were examined using logistic regression, interaction analysis, and mediation analysis. RESULTS: Among 3,463 participants, 616 had AR, yielding an approximate prevalence of 17.8%. After adjusting for covariates as well as lifestyle scores or SES, individuals with high socioeconomic status (SES) (OR: 1.323, 95% CI: 1.074-1.632) and those with 3 or 4 healthy lifestyle factors (OR: 1.396, 95% CI: 1.082-1.811) showed a higher risk of AR. No interaction was observed. The highest risk was observed among individuals with both high SES and 3-4 healthy lifestyle factors, compared to those with medium SES and 0-1 healthy lifestyle behavior. A healthy lifestyle statistically accounted for the association between SES and AR, explaining 28.57% of the total effect. This mediating role remained significant among subgroups including individuals aged under 47 years, males, Non-Hispanic whites, and those with comorbidities. CONCLUSIONS: Our findings indicated that higher SES and higher healthy lifestyle scores were both positively associated with the risk of AR, and that a healthy lifestyle statistically explained the observed the association between SES and AR.",,,,,"Chen J, 2026, Eur Arch Otorhinolaryngol",[],,1434-4726,,,[],[],,,[],[]
PubMed,PMID:42165036,10.2147/JAA.S591831,42165036,Biomarker-Defined Endotypes and Clinical Phenotypes of Asthma: A Cluster-Based Analysis of Type-2 Inflammatory Patterns and Their Clinical Correlates.,JOURNAL OF ASTHMA AND ALLERGY,J Asthma Allergy,2026,Journal Article,eng,0,"['Feteih IHE', 'Ali A']","['Feteih Ibrahim Hamdy Elsayed', 'Ali Asmaa']","['Department of Pulmonary and Sleep Medicine, Ain Al-Khaleej Hospital, Al-Ain, Abu Dhabi, United Arab Emirates.', ""Department of Laboratory Medicine, School of Medicine, Jiangsu University, Zhenjiang, 212013, People's Republic of China."", 'Department of Allergy, Al-Rashid Allergy Center, KMOH, Sulaibikhat, Kuwait.', 'Department of Pulmonary Medicine, Abbassia Chest Hospital, EMOH, Cairo, Egypt.']",,[],[],"['T2 low inflammation', 'T2\xa0high inflammation', 'asthma', 'endotypes', 'phenotypes']","BACKGROUND: Asthma is a biologically heterogeneous disease characterized by diverse inflammatory mechanisms, yet the clinical translation of this heterogeneity into clearly defined, biomarker-driven endotypes remains limited in real-world populations. Although Type-2 (T2) inflammation predominates in many patients, the overlap between allergic and eosinophilic pathways and the identification of distinct endotypes with specific clinical correlates are not fully characterized. This study aimed to define biomarker-based asthma endotypes using unsupervised clustering and to explore their associated clinical and demographic features. METHODS: In this cross-sectional study, asthmatic patients evaluated at a tertiary hospital were included. Demographics, body mass index (BMI), comorbidities, age of onset, disease duration, spirometry parameters, bronchodilator reversibility, allergic status, and inflammatory biomarkers; total IgE, blood eosinophil count (BEC), and fractional exhaled nitric oxide (FeNO), were retrieved from medical records. Standardized biomarker values were analyzed using hierarchical clustering to define asthma endotypes. Clinical and demographic differences between clusters were subsequently compared. RESULTS: Among 162 patients, females predominated (69.1%), and overweight/obesity was common (median BMI 29.15 kg/m 2 ). T2 inflammation was highly prevalent: 60% had IgE ≥100 IU/mL, 70% had BEC ≥300 cells/µL, and 43.8% had FeNO ≥25 ppb, with allergic rhinitis present in 71.6%. Airflow limitation was frequent, as 71% had FEV 1 <80% predicted and 86.4% lacked bronchodilator reversibility. Clustering identified four endotypes: mixed allergic-eosinophilic T2-high (35.5%), eosinophilic T2-high (24.5%), allergic T2-high (20%), and T2-low (20%). T2-high clusters showed marked female predominance and greater lung function impairment, particularly in the eosinophilic group (81.5% with FEV 1 <80%). Allergic T2-high patients had the earliest onset, whereas T2-low patients demonstrated minimal biomarker elevation and fewer allergic comorbidities. BEC correlated with IgE (r=0.29) and FeNO (r=0.43), and multivariable analysis linked biomarkers to specific clinical features. CONCLUSION: T2-high inflammation predominates in this cohort, comprising 80% of patients and segregating into clinically distinct allergic, eosinophilic, and mixed endotypes. Cluster-based stratification offers meaningful phenotyping that may support personalized biologic selection and precision management strategies.",19,,591831,,"Feteih IHE, 2026, J Asthma Allergy",[],,1178-6965,,,[],[],,,[],[]
PubMed,PMID:42164087,10.2147/CCID.S616321,42164087,Rapid Improvement of Acute Eczematous Facial Dermatitis During Pregnancy Following Stapokibart Therapy: A Case Report.,"CLINICAL, COSMETIC AND INVESTIGATIONAL DERMATOLOGY",Clin Cosmet Investig Dermatol,2026,Case Reports;Journal Article,eng,0,"['Zhu Y', 'Chen J', 'Wang P']","['Zhu Yunkai', 'Chen Jingchun', 'Wang Peng']","[""Department of Dermatology, Affiliated Nanshan Hospital of Shenzhen University, Shenzhen, Guangdong, People's Republic of China."", ""Department of Dermatology, Affiliated Nanshan Hospital of Shenzhen University, Shenzhen, Guangdong, People's Republic of China."", ""Department of Dermatology, Affiliated Nanshan Hospital of Shenzhen University, Shenzhen, Guangdong, People's Republic of China.""]",,[],[],"['acute eczematous facial dermatitis', 'atopic dermatitis', 'biologic therapy', 'pregnancy', 'stapokibart']","BACKGROUND: Acute eczematous facial dermatitis can cause erythema, edema, and severe pruritus, with marked effects on sleep and quality of life. Treatment during pregnancy is challenging because therapeutic options are limited by safety concerns. CASE PRESENTATION: This single case report describes a 35-year-old pregnant woman at 9 weeks' gestation who presented with a 10-day history of progressive facial erythema, swelling, and severe pruritus. She had recurrent facial dermatitis, allergic rhinitis, and asthma, supporting an atopic background. Antihistamines and topical corticosteroids were ineffective. Acute eczematous facial dermatitis with atopic features was considered. After risk-benefit assessment and informed consent, stapokibart was initiated with a 600 mg loading dose followed by 300 mg on day 10. RESULTS: Pruritus became minimal within 3 days after the first injection. By day 10, facial erythema and edema had markedly improved; by day 31, the lesions had nearly resolved. EASI decreased from 4.2 to 2 and 1 at day 10 and day 31, respectively; IGA improved from 4 to 2 and 0; pruritus NRS decreased from 8-9 to 3-4 and 0; and DLQI improved from 25 to 7 and 2. No treatment-related adverse events were reported during short-term follow-up. At the time of manuscript preparation, the pregnancy was ongoing at 18 weeks' gestation, with normal prenatal ultrasonography and no reported obstetric complications. CONCLUSION: Stapokibart may provide rapid short-term improvement in selected patients with acute eczematous facial dermatitis with atopic features during pregnancy. During short-term follow-up to 18 weeks' gestation, no treatment-related adverse events or obstetric complications were reported. However, no conclusions regarding maternal or fetal safety can be drawn from this single case, and continued follow-up is essential.",19,,616321,,"Zhu Y, 2026, Clin Cosmet Investig Dermatol",[],,1178-7015,,,[],[],,,[],[]
PubMed,PMID:42162069,10.1038/s41598-026-46399-9,42162069,The impact of Trem2-mediated macrophage polarization on the mechanisms of allergic rhinitis.,SCIENTIFIC REPORTS,Sci Rep,2026,Journal Article,eng,0,"['Hu R', 'Ze K', 'Guo Y']","['Hu Rong', 'Ze Kan', 'Guo Yu']","['Department of Otolaryngology, Shanghai Hospital of Traditional Chinese Medicine Affiliated to Shanghai University of Traditional Chinese Medicine, Shanghai, China.', 'Derpartment of Surgery VIII (Dermatology and Sores), Shanghai Municipal Hospital of Traditional Chinese Medicine, Shanghai University of Traditional Chinese Medicine, Shanghai, 200071, China.', 'Department of Otolaryngology, Shanghai Hospital of Traditional Chinese Medicine Affiliated to Shanghai University of Traditional Chinese Medicine, Shanghai, China. guoyu2025gy@sina.com.']",,[],[],"['Allergic rhinitis', 'Bacillus Calmette–Guérin (BCG)', 'Cytokines', 'DAP10', 'DAP12', 'Eosinophils', 'Inflammation', 'M1/M2 polarization', 'Macrophage polarization', 'Trem2']","The study aimed to investigate the impact of Trem2-mediated macrophage polarization on the pathogenesis of allergic rhinitis (AR), with a focus on how Trem2 influences macrophage polarization and its downstream effects on nasal epithelial cells and eosinophil activity. A series of in vivo and in vitro experiments were conducted using C57BL/6J mice and primary macrophages. Mice were sensitized and challenged with ovalbumin (OVA) to induce AR, and various experimental groups were treated with or without Bacillus Calmette-Guérin (BCG) vaccine and Trem2 gene manipulation. Macrophage-specific Trem2 knockout mice (Trem2-cko) were used to assess the role of Trem2 in macrophage polarization and allergic inflammation. Flow cytometry, ELISA, qRT-PCR, histological staining, and immunohistochemistry were performed to analyze macrophage polarization, cytokine levels, epithelial cell proliferation, and eosinophil activity. The BCG vaccine effectively reduced inflammation in OVA-induced AR mice, significantly downregulating Trem2 expression in macrophages, which corresponded with reduced epithelial damage and mucus secretion. Trem2 deletion in macrophages enhanced the M1 polarization, resulting in greater anti-inflammatory effects following BCG treatment. In vitro studies showed that Trem2 overexpression in M2-polarized macrophages inhibited nasal epithelial cell proliferation and survival, whereas Trem2 silencing restored these functions. Furthermore, Trem2 promoted M2 polarization and enhanced eosinophil survival and proliferation, further exacerbating allergic inflammation. The regulation of these processes by Trem2 was mediated through DAP10 and DAP12 signaling pathways, which modulated macrophage polarization and eosinophil activity. Trem2-mediated macrophage polarization plays a crucial role in exacerbating allergic inflammation in AR by promoting M2 polarization and enhancing eosinophil function. The findings suggest that targeting Trem2 or its signaling pathways, particularly through DAP10 and DAP12, could offer novel therapeutic strategies for managing allergic rhinitis.",,,,,"Hu R, 2026, Sci Rep",[],,2045-2322,,,[],[],,,[],[]
PubMed,PMID:42161543,10.1136/bmjopen-2025-111954,42161543,"Association of early-life human rhinovirus and respiratory syncytial virus infections with childhood asthma: a cohort study in Suzhou, China.",BMJ OPEN,BMJ Open,2026,Journal Article,eng,0,"['Li L', 'Shen K', 'Chen Q', 'Chen L', 'Zhang Y', 'Peng R', 'Tian J', 'Zhao G', 'Zhang T']","['Li Longsong', 'Shen Kaiyue', 'Chen Qinghui', 'Chen Liling', 'Zhang Youyi', 'Peng Ran', 'Tian Jianmei', 'Zhao Genming', 'Zhang Tao']","['Shanghai Institute of Infectious Disease and Biosecurity, Fudan University, Shanghai, China.', 'Fudan University School of Public Health, Shanghai, China.', 'Fudan University School of Public Health, Shanghai, China.', ""Soochow University Affiliated Children's Hospital, Suzhou, Jiangsu, China."", 'Suzhou Center for Disease Prevention and Control, Suzhou, Jiangsu, China.', 'Fudan University School of Public Health, Shanghai, China.', 'Fudan University School of Public Health, Shanghai, China.', ""Soochow University Affiliated Children's Hospital, Suzhou, Jiangsu, China."", 'Fudan University School of Public Health, Shanghai, China.', 'Shanghai Institute of Infectious Disease and Biosecurity, Fudan University, Shanghai, China tzhang@shmu.edu.cn.', 'Fudan University School of Public Health, Shanghai, China.']",,[],"['Humans', 'Asthma', 'Respiratory Syncytial Virus Infections', 'Male', 'Female', 'Retrospective Studies', 'China', 'Infant', 'Picornaviridae Infections', 'Child, Preschool', 'Rhinovirus', 'Respiratory Tract Infections', 'Proportional Hazards Models', 'Child', 'Risk Factors', 'Hospitalization']","['Asthma', 'Child', 'Rhinitis, Allergic']","OBJECTIVES: To investigate the impact of early-life human rhinovirus (HRV) and respiratory syncytial virus (RSV) infections on subsequent asthma development among children with acute respiratory infections (ARI), with a focus on the timing of infection during critical developmental windows. DESIGN: Retrospective cohort study. SETTING: Tertiary paediatric hospital-Children's Hospital of Soochow University in eastern China-with data linked to a regional health information system. PARTICIPANTS: A total of 2628 children who were hospitalised with acute respiratory infections (ARI) and received respiratory virus testing between September 2017 and December 2024 were included in this study. PRIMARY AND SECONDARY OUTCOME MEASURES: The primary outcome was incident asthma. Associations between early-life HRV or RSV infection and asthma risk were evaluated using univariate and multivariable Cox proportional hazards models. Causal mediation analysis was applied to examine potential mediation by wheezing and bronchiolitis. Secondary outcomes were the frequency of asthma-related medical visits and number of exacerbations, analysed using multivariable negative binomial regression models. RESULTS: Overall, 616 (20.2%) children developed asthma. Cox regression showed that HRV-RSV (aHR=2.40, 95% CI 1.02 to 6.69) and s-HRV (aHR=1.56, 95% CI 1.10 to 2.22) were associated with asthma risk compared with negative controls, whereas s-RSV was not (aHR=1.31, 95% CI 0.89 to 1.89). Wheezing mediated 53.5% of the effect of HRV on asthma risk. Among asthma cases, both HRV and RSV were associated with increased asthma-related visits and exacerbations. CONCLUSIONS: Early-life hospitalisation for HRV or RSV, particularly at 13-24 months of age, may be associated with increased risk of asthma and greater asthma morbidity. These findings suggest a potential role of infection timing in shaping long-term respiratory outcomes.",16,5,e111954,,"Li L, 2026, BMJ Open",[],,2044-6055,,,[],[],,,[],[]
PubMed,PMID:42160552,10.47391/JPMA.22745,42160552,Relationship between serum immunological biomarkers and small airway obstruction in patients with mild-to-moderate asthma and allergic rhinitis and their prognostic value.,JPMA. THE JOURNAL OF THE PAKISTAN MEDICAL ASSOCIATION,J Pak Med Assoc,2026,Journal Article,eng,0,"['Xue J', 'Liu X', 'Bai C', 'Zuo Y', 'Hao W']","['Xue Jing', 'Liu Xin', 'Bai Cairong', 'Zuo Yali', 'Hao Wendong']","['Department of Internal Medicine , Jingbian County Hospital of Traditional Chinese Medicine, Yulin ,China.', ""Department of Respiratory and Critical Care Medicine, Yulin Hospital, The First Affiliated Hospital of Xi'an Jiaotong University, Yulin , China Department of A lergy, Yulin Hospital, The First Affiliated Hospital of Xi'an Jiaotong University, Yulin , China."", ""Department of A lergy, Yulin Hospital, The First Affiliated Hospital of Xi'an Jiaotong University, Yulin , China."", ""Department of A lergy, Yulin Hospital, The First Affiliated Hospital of Xi'an Jiaotong University, Yulin , China."", ""Department of Respiratory and Critical Care Medicine, Yulin Hospital, The First Affiliated Hospital of Xi'an Jiaotong University, Yulin , China Department of A lergy, Yulin Hospital, The First Affiliated Hospital of Xi'an Jiaotong University, Yulin , China.""]",,[],"['Humans', 'Child', 'Female', 'Male', 'Asthma', 'Biomarkers', 'Rhinitis, Allergic', 'Adolescent', 'Immunoglobulin E', 'Prognosis', 'Interleukin-6', 'Child, Preschool', 'C-Reactive Protein', 'Airway Obstruction', 'Respiratory Function Tests', 'Eosinophils', 'Forced Expiratory Volume', 'Vital Capacity']","['Asthma, Allergic rhinitis, Interleukin-6, Small airway obstruction.']","OBJECTIVE: To evaluate the correlation between various serum immunological biomarkers and small airway obstruction in children, and the prognostic value of the markers. METHODS: This study was conducted at the First Affiliated Hospital of Xi'an Jiaotong University, Yulin, China, from February 2023 to March 2024, and comprised children aged 4-15 years diagnosed with asthma, who were divided into asthma group A and asthma with allergic rhinitis group B. Peripheral venous blood was collected from all the subjects to measure serum levels of total immunoglobulin E, C-reactive protein, eosinophil and interleukin-6 using enzyme-linked immunosorbent assay and standardised laboratory assays. Al participants underwent pulmonary function testing, including forced expiratory volume in 1 second, forced vital capacity, forced expiratory volume in 1 second/forced vital capacity ratio, and peak expiratory flow measurements. Data was analysed using SPSS 19 and GraphPad Prism 5. RESULTS: Of the 295 patients, 178(60.3%) were in group A; 105(59%) girls and 73(41%) boys with mean age 8.5±1.8 years. The other 117(39.7%) patients were in group B; 72(61.5%) girls and 45(38.5%) boys with mean age 8.9±2.2 years (p>0.05). A significant negative correlation was found between serum interleukin-6 levels and the smal airway obstruction parameters mean mid-expiratory flow between 25-75% of forced vital capacity % predicted (r=-0.564, p<0.05) and forced expiratory flow % 50 predicted (r=-0.521, p<0.05) in group B. The cut-off values for total immunoglobulin E, C-reactive protein and interleukin-6 were 337.80IU/mL, 24.51mg/L and 38.75pg/mL, respectively. The area under the curve, sensitivity and specificity values of the combined diagnosis of total immunoglobulin E, C-reactive protein and interleukin-6 were 0.885, 78.51% and 89.26%, respectively. CONCLUSIONS: Biomarkers total immunoglobulin E, C-reactive protein and interleukin-6 were found to be associated with small airway obstruction, and their combination demonstrated high diagnostic power for identifying paediatric patients with both asthma and allergic rhinitis.",76,4,535,540,"Xue J, 2026, J Pak Med Assoc",[],,0030-9982,,,[],[],,,[],[]
PubMed,PMID:42159582,10.1085/jgp.202513936,42159582,Structural determinants at KCNE4 position 145 govern Kv1.3 channel function.,THE JOURNAL OF GENERAL PHYSIOLOGY,J Gen Physiol,2026,Journal Article,eng,0,"['Colomer-Molera M', 'Sastre D', 'Felipe A']","['Colomer-Molera Magalí', 'Sastre Daniel', 'Felipe Antonio']","['Molecular Physiology Laboratory, Departament de Bioquímica i Biomedicina Molecular, Institut de Biomedicina (IBUB), Universitat de Barcelona, Barcelona, Spain.', 'Molecular Physiology Laboratory, Departament de Bioquímica i Biomedicina Molecular, Institut de Biomedicina (IBUB), Universitat de Barcelona, Barcelona, Spain.', 'Molecular Physiology Laboratory, Departament de Bioquímica i Biomedicina Molecular, Institut de Biomedicina (IBUB), Universitat de Barcelona, Barcelona, Spain.']",,[],"['Kv1.3 Potassium Channel', 'Humans', 'Potassium Channels, Voltage-Gated', 'Animals', 'Ion Channel Gating', 'HEK293 Cells']",[],"Kv1.3 channels participate in the activation and proliferation of leukocytes. The KCNE4 regulatory subunit associates with the channel and functions as a negative regulator. KCNE4, via its transmembrane and C-terminal domains, interacts with Kv1.3, impairing forward plasma membrane trafficking, decreasing macroscopic currents, and accelerating slow C-type inactivation of the channel. A negatively charged 145D/E polymorphic variant of KCNE4 has been associated with immune system disorders, such as allergic rhinitis and childhood acute lymphoblastic leukemia. In this work, we investigated the functional effects of these KCNE4 variants on Kv1.3 activity. Both variants similarly impaired forward trafficking of the channel. However, we observed a variant-dependent decrease in Kv1.3 currents with minor kinetic effects. In addition, we explored the effects of different residues at this position and analyzed the importance of the central amino acid of the polymorphism within the anionic (D-D/E-E) triplet. We suggest that the size and charge of the central position of the cluster are crucial for controlling Kv1.3 currents.",158,4,,,"Colomer-Molera M, 2026, J Gen Physiol",[],,1540-7748,,,[],[],,,[],[]
PubMed,PMID:42159314,10.1080/00016489.2026.2670715,42159314,Paucity of type 2 cytokines and atypical IL-5 receptor alpha patterns during established eosinophilic inflammation in seasonal allergic rhinitis.,ACTA OTO-LARYNGOLOGICA,Acta Otolaryngol,2026,Journal Article,eng,0,"['Nordström FU', 'Sakellariou C', 'Lindö C', 'Siddhuraj P', 'Jönsson J', 'Ahlgren J', 'Andersson CK', 'Sandén C', 'Lindstedt M', 'Greiff L', 'Erjefält JS']","['Nordström Franziska U', 'Sakellariou Christina', 'Lindö Caroline', 'Siddhuraj Premkumar', 'Jönsson Jimmie', 'Ahlgren Johan', 'Andersson Cecilia K', 'Sandén Caroline', 'Lindstedt Malin', 'Greiff Lennart', 'Erjefält Jonas S']","['Department of ORL, Head & Neck Surgery, Skåne University Hospital, Lund, SE, Sweden.', 'Department of Clinical Sciences, Lund University, Lund, SE, Sweden.', 'Department of Immunotechnology, Lund University, Lund, SE, Sweden.', 'Medetect AB, Lund, SE, Sweden.', 'Department of Experimental Medical Science, Lund University, Lund, SE, Sweden.', 'Medetect AB, Lund, SE, Sweden.', 'Medetect AB, Lund, SE, Sweden.', 'Department of Experimental Medical Science, Lund University, Lund, SE, Sweden.', 'Medetect AB, Lund, SE, Sweden.', 'Department of Immunotechnology, Lund University, Lund, SE, Sweden.', 'Department of ORL, Head & Neck Surgery, Skåne University Hospital, Lund, SE, Sweden.', 'Department of Clinical Sciences, Lund University, Lund, SE, Sweden.', 'Department of Experimental Medical Science, Lund University, Lund, SE, Sweden.']",,[],[],"['Allergic rhinitis', 'IL‑5Rα (IL-5α receptor)', 'Th2 cytokine', 'eosinophilic inflammation', 'epithelial-derived alarmins']","BACKGROUND: Seasonal allergic rhinitis (SAR) is viewed as a type 2 (T2) disease driven by the IL-5/IL-5 receptor α (IL-5Rα) and IL-4/IL-13/IL-4 receptor (IL-4R) pathways and the upstream epithelial alarmins IL-33 and TSLP. However, the dynamics and expression patterns of T2-immunity in the nasal mucosa during sustained allergen exposure remain poorly understood. AIM/OBJECTIVE: To investigate whether traditional T2-cytokine and alarmin expressions persist during sustained, well-developed eosinophilic inflammation in patients with SAR. METHODS: Twenty patients were examined late in and outside the birch pollen season. Symptoms, blood, nasal secretions, and mucosal biopsies were evaluated. Analyses included multiplex immunohistochemistry, in situ hybridisation, and computerized image analysis to quantify immune cells, cytokine/alarmin-expression, and their receptors, focusing on IL-5Rα. RESULTS: Late in the season, patients presented increased symptoms, blood/tissue eosinophilia, and elevated basophils, mast cells, and T helper 2 cells, consistent with a T2-phenotype. Unexpectedly, cells expressing IL-4 and IL-5 mRNA were undetectable. Surprisingly, IL-5Rα was abundant on epithelial cells, but not on mucosal eosinophils. Few scattered IL-13 HIGH cells were identified. IL-33 expression remained robust but was lower compared with post-seasonal observations. CONCLUSIONS AND SIGNIFICANCE: Sustained eosinophilic inflammation in SAR may be maintained by non-T2-pathways in established allergic disease, potentially informing future treatment strategies.",,,1,13,"Nordström FU, 2026, Acta Otolaryngol",[],,1651-2251,,,[],[],,,[],[]
PubMed,PMID:42158860,10.3389/fimmu.2026.1796820,42158860,Metabolomics discover distinct metabolite profiles in children with different airway allergic diseases.,FRONTIERS IN IMMUNOLOGY,Front Immunol,2026,Journal Article,eng,0,"['Zhang Y', 'Zheng P', 'Wu JL', 'Ren Y', 'Jiang M', 'Li S', 'Sun B']","['Zhang Yida', 'Zheng Peiyan', 'Wu Jian-Lin', 'Ren Yixuan', 'Jiang Manyun', 'Li Shiyun', 'Sun Baoqing']","['College of Medical Technology and Engineering, Henan University of Science and Technology, Luoyang, China.', 'Department of Clinical Laboratory, State Key Laboratory of Respiratory Disease, National Center for Respiratory Medicine, National, Clinical Research Center for Respiratory Disease, Guangzhou Institute of Respiratory Health, The First Affiliated Hospital of Guangzhou Medical University, Guangzhou, China.', 'Department of Clinical Laboratory, State Key Laboratory of Respiratory Disease, National Center for Respiratory Medicine, National, Clinical Research Center for Respiratory Disease, Guangzhou Institute of Respiratory Health, The First Affiliated Hospital of Guangzhou Medical University, Guangzhou, China.', 'Faculty of Chinese Medicine, School of Pharmacy & State Key Laboratory of Mechanism and Quality of Chinese Medicine, Macau University of Science and Technology, Taipa, Macau SAR, China.', 'Faculty of Chinese Medicine, School of Pharmacy & State Key Laboratory of Mechanism and Quality of Chinese Medicine, Macau University of Science and Technology, Taipa, Macau SAR, China.', 'The First Clinical Medical College of Kunming Medical University, Kunming, China.', 'Department of Clinical Laboratory, State Key Laboratory of Respiratory Disease, National Center for Respiratory Medicine, National, Clinical Research Center for Respiratory Disease, Guangzhou Institute of Respiratory Health, The First Affiliated Hospital of Guangzhou Medical University, Guangzhou, China.', 'Department of Clinical Laboratory, State Key Laboratory of Respiratory Disease, National Center for Respiratory Medicine, National, Clinical Research Center for Respiratory Disease, Guangzhou Institute of Respiratory Health, The First Affiliated Hospital of Guangzhou Medical University, Guangzhou, China.', 'Department of Clinical Laboratory, State Key Laboratory of Respiratory Disease, National Center for Respiratory Medicine, National, Clinical Research Center for Respiratory Disease, Guangzhou Institute of Respiratory Health, The First Affiliated Hospital of Guangzhou Medical University, Guangzhou, China.']",,[],"['Humans', 'Child', 'Metabolomics', 'Female', 'Asthma', 'Male', 'Rhinitis, Allergic', 'Metabolome', 'Adolescent', 'Child, Preschool', 'Biomarkers', 'Animals']","['airway allergic disease', 'derivatization', 'metabolic pathway', 'metabolomics', 'pediatric patients']","Allergic rhinitis (AR), asthma, and their combined allergic rhinitis and asthma syndrome (CARAS) frequently coexist. However, the underlying pathophysiological and metabolic mechanisms, as well as reliable diagnostic differentiation, remain challenging. Carboxyl-containing metabolites (CCMs) have been implicated in the pathogenesis of these conditions; therefore, this study aimed to comprehensively profile serum CCMs in pediatric patients. Sera from 63 children with AR, 41 with asthma, and 90 with CARAS, sensitized to Dermatophagoides farina and/or Dermatophagoides pteronyssinus , were analyzed using ultra-high-performance liquid chromatography-quadrupole-time-of-flight mass spectrometry coupled with 5-(diisopropylamino) amylamine derivatization. The results identified 100 differentially expressed metabolites common across them, alongside disease-specific alterations of 23, 17, and 31 unique to AR, asthma, and CARAS, respectively. These findings reveal that allergic airway diseases share a core metabolic disturbances that may reflect immune dysregulation and potentially involve gut dysbiosis, and yet exhibit distinct profiles: AR shows localized amino acid perturbations, asthma displays systemic lipid remodeling, and CARAS manifests as a distinct comorbid phenotype combining both features.",17,,1796820,,"Zhang Y, 2026, Front Immunol",[],,1664-3224,,,[],[],,,[],[]
PubMed,PMID:42158011,10.3389/fneur.2026.1759585,42158011,Advances in research concerning the association between allergic rhinitis and chronic sinusitis and cognitive impairment.,FRONTIERS IN NEUROLOGY,Front Neurol,2026,Journal Article;Review,eng,0,"['Chen Y', 'Jiang G', 'Zhang X', 'Zhou Z', 'Xu P']","['Chen Yu', 'Jiang Guohong', 'Zhang Xiaohe', 'Zhou Zhiwei', 'Xu Ping']","['Affiliated Hospital of Zunyi Medical University, Zunyi, China.', 'The Second Affiliated Hospital of Zunyi Medical University, Zunyi, China.', 'Affiliated Hospital of Zunyi Medical University, Zunyi, China.', 'Affiliated Hospital of Zunyi Medical University, Zunyi, China.', 'Affiliated Hospital of Zunyi Medical University, Zunyi, China.']",,[],[],"['allergic rhinitis', 'chronic sinusitis', 'cognitive fuction', 'cognitive impairment', 'sleep disorder']","As the prevalence of chronic rhinosinusitis (CRS) and allergic rhinitis (AR) continues to rise worldwide, more and more patients are reporting a lower quality of life. In addition to causing common nasal symptoms such as congestion and rhinorrhea, these illnesses also show a close association with cognitive function in several ways. However, the available evidence remains dispersed. This paper reviews existing research on the effects of AR and CRS on cognitive function, organized into five sections: disease characteristics, cognitive impacts, mechanism pathways, therapeutic interventions, and future directions. Clinical research suggests that AR has a significant association with children's academic performance, neurodevelopment, and cognitive function, with a potential correlation with cognitive impairments. Additionally, adults' anxiety, depression, and cognitive impairments show a negative correlation with AR and CRS. Numerous factors, such as sleep disturbances, the intensity of facial symptoms, the nose-brain communication axis, brain activity and connectivity, and other issues, may be linked to the causes of cognitive impairment. Furthermore, there has been some advancement in the study of how AR and CRS treatments, such as sinus surgery, intranasal corticosteroids, and antihistamines, affect cognitive function. This data suggests that AR and CRS are closely related to cognitive impairment. However, there is still a lack of solid research evidence connecting AR and CRS to cognitive dysfunction, and further exploration is needed regarding their pathogenesis and pharmacological treatment.",17,,1759585,,"Chen Y, 2026, Front Neurol",[],,1664-2295,,,[],[],,,[],[]
PubMed,PMID:42157091,10.1186/s12864-026-12907-4,42157091,Positional identification of a candidate gene for MALE STERILITY 2 (MS2) by linkage mapping and transcriptomic data in Cryptomeria japonica D. Don.,BMC GENOMICS,BMC Genomics,2026,Journal Article,eng,0,"['Ueno S', 'Hasegawa Y', 'Ujino-Ihara T', 'Tsuruta M', 'Kakui H', 'Iwai J', 'Hirayama S', 'Yamaguchi K', 'Shigenobu S', 'Fujino T', 'Suzuki Y', 'Kasahara M', 'Moriguchi Y']","['Ueno Saneyoshi', 'Hasegawa Yoichi', 'Ujino-Ihara Tokuko', 'Tsuruta Momi', 'Kakui Hiroyuki', 'Iwai Junji', 'Hirayama Satoko', 'Yamaguchi Katsushi', 'Shigenobu Shuji', 'Fujino Takeshi', 'Suzuki Yutaka', 'Kasahara Masahiro', 'Moriguchi Yoshinari']","['Department of Forest Molecular Genetics and Biotechnology, Forestry and Forest Products Research Institute, Forest Research and Management Organization, 1 Matsunosato, Tsukuba, Ibaraki, 305-8687, Japan. ueno_saneyoshi150@ffpri.go.jp.', 'Department of Forest Molecular Genetics and Biotechnology, Forestry and Forest Products Research Institute, Forest Research and Management Organization, 1 Matsunosato, Tsukuba, Ibaraki, 305-8687, Japan.', 'Department of Forest Molecular Genetics and Biotechnology, Forestry and Forest Products Research Institute, Forest Research and Management Organization, 1 Matsunosato, Tsukuba, Ibaraki, 305-8687, Japan.', 'Department of Forest Molecular Genetics and Biotechnology, Forestry and Forest Products Research Institute, Forest Research and Management Organization, 1 Matsunosato, Tsukuba, Ibaraki, 305-8687, Japan.', 'Institute for Sustainable Agro-ecosystem Services, Graduate School of Agricultural and Life Sciences, The University of Tokyo, 1-1-1 Midoricho, Nishitokyo, Tokyo, 188-0002, Japan.', 'Current address: Graduate School of Environmental, Life, Natural Science and Technology, Okayama University, Okayama, Japan.', 'Niigata Prefectural Forest Research Institute, 2249-5 Unotoro, Murakami, Niigata, 958-0264, Japan.', 'Current address: Forestry Conservation Division, Department of Agriculture, Forestry and Fisheries, Niigata Prefectural Government, Niigata, Japan.', 'Niigata Prefectural Forest Research Institute, 2249-5 Unotoro, Murakami, Niigata, 958-0264, Japan.', 'Current address: Forestry Administration Division, Department of Agriculture, Forestry and Fisheries, Niigata Prefectural Government, Niigata, Japan.', 'Trans-Scale Biology Center, National Institute for Basic Biology, Okazaki, Aichi, 444-8585, Japan.', 'Trans-Scale Biology Center, National Institute for Basic Biology, Okazaki, Aichi, 444-8585, Japan.', 'Graduate School of Frontier Sciences, The University of Tokyo, 5-1-5 Kashiwanoha, Kashiwa, Chiba, 277-8561, Japan.', 'Graduate School of Frontier Sciences, The University of Tokyo, 5-1-5 Kashiwanoha, Kashiwa, Chiba, 277-8561, Japan.', 'Graduate School of Frontier Sciences, The University of Tokyo, 5-1-5 Kashiwanoha, Kashiwa, Chiba, 277-8561, Japan.', 'Graduate School of Science and Technology, Niigata University, 8050 Ikarashi 2-no-cho, Nishi-ku, Niigata, 950-2181, Japan. chimori@agr.niigata-u.ac.jp.', 'Current address: Department of Agriculture, Faculty of Agriculture, Niigata University, 8050 Ikarashi 2-no-cho, Nishi-ku, Niigata, 950-2181, Japan. chimori@agr.niigata-u.ac.jp.']",,[],[],"['Cryptomeria japonica', 'Conifer genomics', 'GDSL esterase/lipase', 'GELP', 'Male sterility', 'Map-based cloning', 'Pollen development', 'Pollinosis']","BACKGROUND: Japanese cedar (Cryptomeria japonica D. Don) is a major plantation species in Japan, but its abundant pollen production is a primary cause of seasonal allergic rhinitis (pollinosis). To mitigate this public health issue, the use of male-sterile cultivars has been promoted. Five types of recessive male-sterile mutations (ms1-ms5) have been identified, and the causal genes and mutations for MS1 and MS4 have been elucidated. However, the gene responsible for MS2-type male sterility remains unknown. RESULTS: We aimed to identify the candidate gene responsible for MS2-type male sterility using a map-based cloning strategy. High-resolution linkage mapping localized the MS2 locus to a 1.56 cM interval on linkage group 5, corresponding to an 8.64 Mb region of the reference genome. Ninety-one genes in this region were subjected to functional annotation, gene expression analysis, and mutation screening. Among these, a single gene, SUGI_0493010, encoding a GDSL-type esterase/lipase protein (GELP), fulfilled all three criteria: it showed homology to pollen development genes in Arabidopsis thaliana, was specifically expressed in male strobili, and carried a deleterious amino acid substitution (S40F) within the predicted catalytic domain in ms2 mutant. The same mutation was also detected in a heterozygous individual (Ms2/ms2) from a separate breeding population, whose genotype was confirmed through progeny testing. Structural annotation revealed that the affected serine residue lies within the conserved GDSL motif, suggesting a functional disruption of enzymatic activity. CONCLUSIONS: Our results strongly suggest that SUGI_0493010 (GELP) is the candidate gene for MS2-type male sterility in C. japonica. This finding enhances our understanding of male sterility mechanisms in conifers and provides a valuable genetic resource for breeding pollen-free trees. The study also demonstrates the effectiveness of combining genetic mapping with transcriptomic and mutational data in forest tree genomics.",,,,,"Ueno S, 2026, BMC Genomics",[],,1471-2164,,,[],[],,,[],[]
PubMed,PMID:42154667,10.1159/000551344,42154667,Threshold concentration of ragweed pollen for inducing allergic symptoms: Initial data using an allergen challenge chamber.,INTERNATIONAL ARCHIVES OF ALLERGY AND IMMUNOLOGY,Int Arch Allergy Immunol,2026,Journal Article,eng,0,"['Höflich C', 'Badorrek P', 'Gress C', 'Müller M', 'Straff W', 'Hohlfeld JM']","['Höflich Conny', 'Badorrek Philipp', 'Gress Christina', 'Müller Meike', 'Straff Wolfgang', 'Hohlfeld Jens M']",[],,[],[],[],"INTRODUCTION: Climate change may increase the spread of allergenic plants such as ragweed. Ragweed pollen is assumed to be more allergenic than birch pollen. Determining pollen threshold concentrations triggering symptoms is challenging. Technical modifications to the Fraunhofer Allergen Challenge Chamber (ACC) now allow investigation of very low pollen concentrations. Based on Total Nasal Symptom Score (TNSS) data from 15 subjects with birch pollen allergic rhinitis (AR), a birch pollen threshold between 50 and 100 pollen grains/m3 of air was previously derived. This study explored threshold concentrations of ragweed pollen. METHODS: Two ragweed pollen AR patients were exposed to varying concentrations of ragweed pollen for 4 hours. TNSS was recorded every 20 minutes, nasal secretion and peak nasal inspiratory flow hourly. Area under the curve values (AUC0-240) were calculated. Ex-vivo basophil activation tests with varying concentrations of ragweed pollen, Amb a 1, birch pollen and Bet v 1 were performed for both ragweed pollen AR patients and 6 of the 15 birch pollen AR patients. Mean effective concentrations (EC50) for CD63 expression were calculated. RESULTS: Ragweed pollen exposure resulted in the following TNSS AUC0-240 values: 28/23 at 0, 18/17 at 50, 13/27 at 100, 40/40 at 200, 29/16 at 300 and 55/47 at 1,000 pollen grains/m³. For CD63 expression, the mean EC50 was 277 pollen/ml for ragweed pollen, 884 ng/ml for Amb a 1, 11 pollen/ml for birch pollen, and 0.13 ng/ml for Bet v 1. On average, the proportion of Amb a 1 in ragweed pollen was 0.17 %, the proportion of Bet v 1 in birch pollen 1.96 %. CONCLUSION: The modified Fraunhofer ACC can investigate pollen threshold concentrations under defined conditions. The assumed differences in threshold concentrations of ragweed and birch pollen for triggering symptoms were not confirmed. To derive reliable threshold concentrations for ragweed pollen, larger studies have to follow.",,,1,12,"Höflich C, 2026, Int Arch Allergy Immunol",[],,1423-0097,,,[],[],,,[],[]
PubMed,PMID:42154372,10.1111/pai.70354,42154372,Nutritional intervention with a partially hydrolyzed formula during the first 6 months of life may reduce the risk of food allergy and atopic dermatitis up to the age of 5 years.,PEDIATRIC ALLERGY AND IMMUNOLOGY : OFFICIAL PUBLICATION OF THE EUROPEAN SOCIETY OF PEDIATRIC ALLERGY AND IMMUNOLOGY,Pediatr Allergy Immunol,2026,Journal Article;Randomized Controlled Trial;Multicenter Study,eng,0,"['Sekkidou M', 'Karglani E', 'Pancheva R', 'Kantaras P', 'Popova S', 'Zhelyazkova D', 'Yiallouros PK', 'Philippou E', 'Daniil V', 'Boutsikou T', 'Iliodromiti Z', 'Iacovidou N', 'Papaevangelou V', 'Manios Y', 'van Lee L', 'Nicolaou N']","['Sekkidou Mikaela', 'Karglani Eva', 'Pancheva Rouzha', 'Kantaras Paris', 'Popova Simoneta', 'Zhelyazkova Desislava', 'Yiallouros Panayiotis K', 'Philippou Elena', 'Daniil Vasiliki', 'Boutsikou Theodora', 'Iliodromiti Zoi', 'Iacovidou Nicoletta', 'Papaevangelou Vassiliki', 'Manios Yannis', 'van Lee Linde', 'Nicolaou Nicolaos']","['Asthma and Allergy Center, Limassol, Cyprus.', 'Department of Basic and Clinical Sciences, University of Nicosia Medical School, Nicosia, Cyprus.', 'Department of Nutrition and Dietetics, School of Health Science and Education, Harokopio University, Athens, Greece.', 'European Centre for Obesity, Harokopio University, Athens, Greece.', 'Department of Hygiene and Epidemiology, Faculty of Public Health, ""Prof. Dr. Paraskev Stoyanov"" Medical University - Varna, Varna, Bulgaria.', 'Department of Nutrition and Dietetics, School of Health Science and Education, Harokopio University, Athens, Greece.', 'Department of Hygiene and Epidemiology, Faculty of Public Health, ""Prof. Dr. Paraskev Stoyanov"" Medical University - Varna, Varna, Bulgaria.', 'Department of Hygiene and Epidemiology, Faculty of Public Health, ""Prof. Dr. Paraskev Stoyanov"" Medical University - Varna, Varna, Bulgaria.', 'Medical School, University of Cyprus, Nicosia, Cyprus.', 'Department of Life Sciences, School of Life and Health Sciences, University of Nicosia, Nicosia, Cyprus.', 'Neonatal Department, National and Kapodistrian University of Athens, Aretaieio Hospital, Athens, Greece.', 'Neonatal Department, National and Kapodistrian University of Athens, Aretaieio Hospital, Athens, Greece.', 'Neonatal Department, National and Kapodistrian University of Athens, Aretaieio Hospital, Athens, Greece.', 'Neonatal Department, National and Kapodistrian University of Athens, Aretaieio Hospital, Athens, Greece.', 'Third Department of Pediatrics, National and Kapodistrian University of Athens, ATTIKON General University Hospital, Athens, Greece.', 'Department of Nutrition and Dietetics, School of Health Science and Education, Harokopio University, Athens, Greece.', 'Department of Life Sciences, School of Life and Health Sciences, University of Nicosia, Nicosia, Cyprus.', 'Institute of Agri-Food and Life Sciences, Hellenic Mediterranean University Research Centre, Crete, Greece.', 'FrieslandCampina, Amersfoort, the Netherlands.', 'Asthma and Allergy Center, Limassol, Cyprus.', 'Department of Basic and Clinical Sciences, University of Nicosia Medical School, Nicosia, Cyprus.']",,[],"['Humans', 'Dermatitis, Atopic', 'Food Hypersensitivity', 'Infant', 'Child, Preschool', 'Male', 'Female', 'Infant Formula', 'Double-Blind Method', 'Follow-Up Studies', 'Incidence', 'Infant, Newborn', 'Prevalence']","['allergy prevention', 'atopic dermatitis', 'breastfeeding', 'food allergy', 'partially hydrolyzed formula']","BACKGROUND: Evidence on the effectiveness of partially hydrolyzed formulas (pHF) as a nutritional intervention to prevent Allergic Manifestations (AM) is limited. Provided that not all pHF are the same in terms of allergenicity and immunogenicity, their role in reducing the risk of the Atopic March progression should be individually and longitudinally examined. OBJECTIVE: To investigate whether the risk-reduction effect of a specific pHF compared to a standard formula (SF) on Atopic Dermatitis (AD) within the first 6 months of life observed in the Allergy Reduction Trial (A.R.T.) persists at the age of 5 years and, if it applies to other AM. METHODS: Parents/legal guardians of participants within the multicenter double-blinded randomized controlled clinical Allergy Reduction Trial (A.R.T.) who constituted the Intention-to-Treat population set (N = 551) were invited at the age of 5 years for an observational follow-up, to answer an enriched validated questionnaire regarding doctor diagnosis of AM between 1 and 5 years of age, including AD, Food Allergy (FA), Asthma, and Allergic Rhinitis (AR). The prevalence and cumulative incidence of outcomes were calculated and Relative Risks, 95% Confidence Interval (RR, 95% CI) were estimated by Poisson Generalized Estimating Equations adjusted for study center, sex, family history of AD, family history of AR, family history of Asthma, and mode of delivery. RESULTS: Four hundred and fifty-five subjects (83%) completed the 5-year follow-up (pHF: 131/160, SF: 145/171 and EBF: 179/220). The RR from birth to 5 years was significantly lower in the pHF group, for the development of any AM [32.7% vs. 51.7%, RR 0.73 (0.57-0.94), p = .02], AD [22.1% vs. 38.5%, RR 0.58 (0.41-0.83), p = .003] and, FA [10.5% vs. 20.4%, RR 0.53 (0.29-0.95), p = .03] compared to the SF group. Infant feeding with the pHF resulted in 87% risk-reduction of FA [1.5% vs. 12.4%, RR 0.13 (0.03-0.58), p = .007] between the ages of 1-5 years. CONCLUSION: In non-exclusively breastfed infants at high-risk for allergy, mixed-feeding with a specific whey-based pHF during the first 6 months of life may reduce the risk of atopic dermatitis and food allergy from birth up to the age of 5 years. However, further A.R.T. follow-ups and other longitudinal studies with larger sample size are needed to provide additional evidence for the long-term effectiveness of pHF in allergy prevention.",37,5,e70354,,"Sekkidou M, 2026, Pediatr Allergy Immunol",[],,1399-3038,,,[],[],,,[],[]
PubMed,PMID:42153916,10.1177/01455613261450502,42153916,Orbital Complications and Prognosis of Acute Ethmoiditis: A Pediatric Retrospective Observational Study.,"EAR, NOSE, & THROAT JOURNAL",Ear Nose Throat J,2026,Journal Article,eng,0,"['Abdelbari M', 'Mneri M', 'Houas J', 'Tej A', 'Jaballah N', 'Belgacem HB', 'Soyah N', 'Bouguila J', 'Kebaili R', 'Boughammoura L']","['Abdelbari Marwa', 'Mneri Melek', 'Houas Jihene', 'Tej Amel', 'Jaballah Nesrine', 'Belgacem Hajer Ben', 'Soyah Najla', 'Bouguila Jihene', 'Kebaili Raoudha', 'Boughammoura Lamia']","['Department of Pediatrics, Farhat Hached University Hospital, susah, Tunisia.', 'Department of Community Medicine, Farhat Hached University Hospital, susah, Tunisia.', 'Department of ENT, Farhat Hached University Hospital, susah, Tunisia.', 'Department of Pediatrics, Farhat Hached University Hospital, susah, Tunisia.', 'Department of Pediatrics, Farhat Hached University Hospital, susah, Tunisia.', 'Department of Pediatrics, Farhat Hached University Hospital, susah, Tunisia.', 'Department of Pediatrics, Farhat Hached University Hospital, susah, Tunisia.', 'Department of Pediatrics, Farhat Hached University Hospital, susah, Tunisia.', 'Department of Pediatrics, Farhat Hached University Hospital, susah, Tunisia.', 'Department of Pediatrics, Farhat Hached University Hospital, susah, Tunisia.']",,[],[],"['children', 'endoscopic surgery', 'ethmoiditis', 'orbital complication']","IntroductionOrbital involvement is a serious complication of ethmoiditis in children, often occurring because the ethmoid sinuses are very close to the orbit. Our work aimed to report the clinical presentation, treatment modalities and the outcome of orbital complications of acute ethmoiditis to identify common indicators for surgery.MethodsRetrospective observational study to review cases that were hospitalized in pediatrics and otorhinolaryngology departments of the Farhat Hached Hospital in Sousse, Tunisia, during the period from January 2013 to December 2023.ResultsWe collected 79 cases. The mean age was 4,55±3,64 years old. Five of our patients had anemia, six had allergic rhinitis, and one had asthma. Two other patients had undergone recent dental care. Palpebral edema and fever were the most frequently reported symptoms. A palpebral abscess was present in five cases, while nineteen cases exhibited exophthalmos. Seven children had limited occulomotricity, and one child had ophthalmoplegia.In addition, reduced visual acuity was reported in 3 cases. Referring to Chandler's stratification, we report 37 cases of preseptal cellulitis, 10 cases of orbital cellulitis and, 31 cases of subperiosteal abscess. Eleven patients required surgical treatment consisting of orbitotomy. Age equal to or above 5 years old was more associated with surgical treatment (p<0.001). The outcome was generally favorable.ConclusionOrbital complications of acute ethmoiditis are a low-prevalence high risk disease. Most patients are successfully treated without long-term complications. Younger children (<5 years) are less likely to undergo surgery.",,,1455613261450502,,"Abdelbari M, 2026, Ear Nose Throat J",[],,1942-7522,,,[],[],,,[],[]
PubMed,PMID:42153790,10.1177/19458924261448266,42153790,Association of Depression in Patients With Chronic Rhinosinusitis Comorbid Asthma and Allergic Rhinitis: A Cross-Sectional Study With the All of Us Research Database.,AMERICAN JOURNAL OF RHINOLOGY & ALLERGY,Am J Rhinol Allergy,2026,Journal Article,eng,0,"['Thomas S', 'Choi A', 'Kravitz M', 'Colley P', 'Akbar N', 'Fang CH']","['Thomas Sherron', 'Choi Ashley', 'Kravitz Meryl', 'Colley Patrick', 'Akbar Nadeem', 'Fang Christina H']","['Albert Einstein College of Medicine, Montefiore Medical Center, Bronx, NY, USA.', 'Albert Einstein College of Medicine, Montefiore Medical Center, Bronx, NY, USA.', 'Department of Otolaryngology - Head & Neck Surgery, Montefiore Medical Center, Bronx, NY, USA.', 'Department of Otolaryngology - Head & Neck Surgery, Montefiore Medical Center, Bronx, NY, USA.', 'Department of Otolaryngology - Head & Neck Surgery, Montefiore Medical Center, Bronx, NY, USA.', 'Department of Otolaryngology - Head & Neck Surgery, Montefiore Medical Center, Bronx, NY, USA.']",,[],[],"['allergic rhinitis', 'asthma', 'chronic rhinosinusitis', 'depression', 'mental health', 'sinusitis']","BackgroundChronic rhinosinusitis (CRS) is a persistent inflammatory condition often coexisting with asthma, allergic rhinitis (AR), and depression, impacting patients' quality of life. While the relationship between CRS and these comorbidities is recognized, their interaction with depression remains underexplored.ObjectiveThis study aimed to investigate the associations of comorbid asthma and AR with depression in CRS patients using the All of Us Database.MethodsA cross-sectional analysis was conducted of 27 077 CRS and 244 101 non-CRS patients. Conditions were identified through Systematized Nomenclature of Medicine codes. Generalized linear models were used to calculate adjusted odds ratios (aORs) for associations. Stratified analyses were performed by age, sex, and income.ResultsCRS patients were more likely to have asthma (32.8% vs 12.2%), AR (52.1% vs 13.1%), and depression (41.7% vs 20.4%). The adjusted GLM revealed significant associations with depression for CRS (aOR = 2.54, 95% confidence interval [CI]: 2.43, 2.65), asthma (aOR = 2.93, 95% CI: 2.84, 3.02), and AR (aOR = 2.67, 95% CI: 2.59, 2.75). Low socioeconomic status (SES) in CRS patients was associated with higher odds of depression (aOR range: [2.70-2.90]). Patients with both CRS and asthma or AR exhibited increased odds of depression (aOR = 1.88 and 1.42). The combination of CRS, asthma, and AR showed the highest risk (aOR = 2.15).ConclusionThis study highlights the significant impact of comorbid asthma and AR on depression in CRS patients, with low SES further increasing the likelihood of depression. Our findings underscore the importance of comprehensive management of CRS and its comorbidities, particularly in patients with lower SES.",,,19458924261448266,,"Thomas S, 2026, Am J Rhinol Allergy",[],,1945-8932,,,[],[],,,[],[]
PubMed,PMID:42151749,10.1111/all.70394,42151749,Natural History of Alternaria Sensitisation and Association With Asthma and Rhinitis From Childhood to Adulthood.,ALLERGY,Allergy,2026,Journal Article,eng,0,"['Leily M', 'Zhang H', 'Roberts G', 'Vijayanand P', 'Bores M', 'Södergren E', 'Kurukulaaratchy RJ', 'Arshad SH']","['Leily Mohammad', 'Zhang Hongmei', 'Roberts Graham', 'Vijayanand Pandurangan', 'Bores Magnus', 'Södergren Eva', 'Kurukulaaratchy Ramesh J', 'Arshad S Hasan']","['The David Hide Asthma and Allergy Research Centre, Newport, UK.', 'Clinical and Experimental Sciences, Faculty of Medicine, University of Southampton, Southampton, UK.', 'Respiratory Biomedical Research Centre, University Hospital Southampton, Southampton, UK.', 'Division of Epidemiology, Biostatistics, and Environmental Health Sciences, School of Public Health, University of Memphis, Memphis, Tennessee, USA.', 'The David Hide Asthma and Allergy Research Centre, Newport, UK.', 'Clinical and Experimental Sciences, Faculty of Medicine, University of Southampton, Southampton, UK.', 'Respiratory Biomedical Research Centre, University Hospital Southampton, Southampton, UK.', 'La Jolla Institute for Immunology, La Jolla, California, USA.', ""Department of Women's and Children's Health, Uppsala University, Uppsala, Sweden."", 'Thermo Fisher Scientific, Phadia AB, Uppsala, Sweden.', 'Thermo Fisher Scientific, Global Medical and Scientific Affairs, Uppsala, Sweden.', 'The David Hide Asthma and Allergy Research Centre, Newport, UK.', 'Clinical and Experimental Sciences, Faculty of Medicine, University of Southampton, Southampton, UK.', 'Respiratory Biomedical Research Centre, University Hospital Southampton, Southampton, UK.', 'The David Hide Asthma and Allergy Research Centre, Newport, UK.', 'Clinical and Experimental Sciences, Faculty of Medicine, University of Southampton, Southampton, UK.', 'Respiratory Biomedical Research Centre, University Hospital Southampton, Southampton, UK.']",,[],[],"['Alternaria', 'IgE', 'allergic sensitisation', 'asthma', 'rhinitis']","BACKGROUND: Sensitisation to Alternaria is clinically important in asthma and rhinitis, but its life-course patterns and optimal diagnostic markers are unclear. We aimed to characterise Alternaria sensitisation trajectories from childhood to adulthood; we compared skin prick testing (SPT), whole-extract specific IgE and rAlt a 1, and assessed their longitudinal association with asthma and rhinitis in the Isle of Wight birth cohort. METHODS: Participants were assessed at 4, 10, 18 and 26 years. Alternaria sensitisation was measured by SPT (all ages) and serum IgE to whole Alternaria extract and rAlt a 1 (10, 18, 26 years). ""Any Alternaria"" denoted positivity to any assay. Alternaria, asthma and rhinitis trajectories (10-18-26 years) were classified as Never, Any positive or Persistent. Associations used χ 2 trend tests and Poisson regression with robust errors. RESULTS: Among 434 participants with complete Alternaria data, trajectories were Never 84.1%, Any 11.1% and Persistent 4.8%. Alternaria trajectories showed graded associations with asthma, and more strongly with rhinitis (trend p < 0.001 for both), with highest risks for persistent asthma and rhinitis. Across ages, rAlt a 1 discriminated asthma risk better than whole-extract in youth, whereas effects converged by 26 years. For rhinitis, effect sizes were similar across assays and ages. Assay agreement strengthened with age, becoming substantial by 18 years and near-perfect by 26 years. CONCLUSIONS: Alternaria sensitisation consolidates from late adolescence and, when persistent, tracks with persistent asthma and rhinitis. Longitudinal analysis shows rAlt a 1 discriminates asthma risk better than whole-extract in youth, while assays are largely interchangeable in adulthood.",,,,,"Leily M, 2026, Allergy",[],,1398-9995,,,[],[],,,[],[]
PubMed,PMID:42151687,10.1007/s00431-026-07069-0,42151687,Allergic diseases and atopy in elite swimmers: a cross-sectional study.,EUROPEAN JOURNAL OF PEDIATRICS,Eur J Pediatr,2026,Journal Article,eng,0,"['Ünal F', 'Uyan ZS', 'Öktem S', 'Ersu R', 'Karakoç F', 'Dağlı ES', 'Karadağ B']","['Ünal Füsun', 'Uyan Zeynep Seda', 'Öktem Sedat', 'Ersu Refika', 'Karakoç Fazilet', 'Dağlı Elif Sezginer', 'Karadağ Bülent']","['Division of Pediatric Pulmonology, Başakşehir Çam Sakura City Hospital, Istanbul, Turkey. dr_fusun@yahoo.com.', 'Division of Pediatric Pulmonology, Koç University School of Medicine, Istanbul, Turkey.', 'Faculty of Medicine, Division of Pediatric Pulmonology, Istanbul Medipol University, Istanbul, Turkey.', ""Division of Respiratory Medicine, Children's Hospital of Eastern Ontario, University of Ottawa, Ottawa, ON, Canada."", 'Faculty of Medicine, Division of Pediatric Pulmonology, Marmara University, Istanbul, Turkey.', 'Faculty of Medicine, Division of Pediatric Pulmonology, Marmara University, Istanbul, Turkey.', 'Faculty of Medicine, Division of Pediatric Pulmonology, Marmara University, Istanbul, Turkey.']",,[],"['Humans', 'Cross-Sectional Studies', 'Male', 'Female', 'Swimming', 'Child', 'Swimming Pools', 'Prevalence', 'Turkey', 'Hypersensitivity', 'Environmental Exposure', 'Asthma', 'Immunoglobulin E', 'Surveys and Questionnaires', 'Adolescent', 'Biomarkers', 'Athletes', 'Chlorine']","['Airway inflammation', 'Asthma', 'Atopy', 'Elite swimmers']","UNLABELLED: Environmental exposure to irritants may contribute to asthma pathogenesis through increased epithelial permeability. This study aimed to investigate the association between chlorinated swimming pool exposure and allergic diseases, as well as its relationship with objective markers of airway inflammation, epithelial permeability, bronchial hyperreactivity, and atopy in elite swimmers. This cross-sectional study was conducted among pediatric swimmers attending a professional swimming club in Istanbul. All eligible participants were invited to complete the International Study of Asthma and Allergies in Childhood (ISAAC) questionnaire. A subset underwent objective assessments, including exercise-induced bronchoconstriction testing, measurement of fractional exhaled nitric oxide (FeNO), serum surfactant protein-D (SP-D), serum club cell protein (CC16), and total and aeroallergen-specific immunoglobulin E (IgE) measurements. Of the 172 invited children, 169 (98%) completed the questionnaire, and 84 (49%) underwent objective assessments (44% male; mean age 10.0 ± 2.1 years). The median duration of swimming and cumulative pool attendance were 36 months and 1430 h, respectively. The prevalence of atopy was 41.6%. Among the participating swimmers, the prevalence of asthma (ever, current, and physician-diagnosed) was 25%, 9.5%, and 15.5%, respectively. Corresponding prevalences for eczema were 16.7%, 4.8%, and 7.1%, and for allergic rhinitis were 19.0%, 19.0%, and 16.7%. Cumulative exposure to chlorinated swimming pools was not associated with allergic diseases, airway inflammation, epithelial permeability, or bronchial hyperreactivity. However, children who had been swimming for more than 72 months demonstrated higher rates of atopy and current allergic symptoms. CONCLUSION: In this cohort of elite swimmers, cumulative exposure to chlorinated swimming pools was not associated with allergic diseases or objective markers of airway inflammation. However, given the cross-sectional design, these findings should be interpreted with caution. The observed association between longer swimming duration and atopy appears to be exploratory. Overall, chlorinated pool exposure alone may be unlikely to be a major determinant of allergic disease in this population. WHAT IS KNOWN: • Chlorinated pool exposure has been proposed to contribute to asthma and allergic diseases through airway epithelial injury; however, findings in pediatric populations are inconsistent, and many studies rely primarily on questionnaire-based data without objective airway assessments. WHAT IS NEW: • In this cohort of elite swimmers, cumulative pool exposure was not associated with allergic diseases or objective markers of airway inflammation and epithelial integrity. However, longer swimming duration was associated with increased atopy, and subgroup analyses suggested that early-life exposure in combination with tobacco smoke may influence airway inflammation.",185,6,,,"Ünal F, 2026, Eur J Pediatr",[],,1432-1076,,,[],[],,,[],[]
PubMed,PMID:42151532,10.1038/s41598-026-53894-6,42151532,Cytokines and immunologic checkpoint molecules in predicting success of allergen immunotherapy.,SCIENTIFIC REPORTS,Sci Rep,2026,Journal Article,eng,0,"['Berge M', 'Hultgren O', 'Hugosson S', 'Kruse R', 'Saber A']","['Berge Martin', 'Hultgren Olof', 'Hugosson Svante', 'Kruse Robert', 'Saber Amanj']","['Department of Otolaryngology, School of Medical Sciences, Faculty of Medicine and Health, Örebro University, Örebro, Sweden. martin.berge@oru.se.', 'Department Clinical Immunology and Transfusion Medicine, School of Medical Sciences, Faculty of Medicine and Health, Örebro University, Örebro, Sweden.', 'Department of Otolaryngology, School of Medical Sciences, Faculty of Medicine and Health, Örebro University, Örebro, Sweden.', 'Department of Clinical Research Laboratory, School of Medical Sciences, Faculty of Medicine and Health, Örebro University, Örebro, Sweden.', 'Department of Otolaryngology, School of Medical Sciences, Faculty of Medicine and Health, Örebro University, Örebro, Sweden.']",,[],"['Humans', 'Desensitization, Immunologic', 'Cytokines', 'Female', 'Male', 'Adult', 'Biomarkers', 'Treatment Outcome', 'Immune Checkpoint Proteins', 'Allergens', 'Middle Aged', 'Young Adult', 'Rhinitis, Allergic', 'Machine Learning', 'Adolescent']","['Allergen immunotherapy', 'Clustering', 'Cytokines', 'Immunological checkpoint molecules', 'Machine learning']","There are large variations in how individual patients respond to allergen immunotherapy (AIT) against grass and/or birch allergy. There are currently no reliable biomarkers to predict which patients are likely to benefit from the treatment. The purpose of this study was to examine the potential of cytokine and soluble immunologic checkpoint molecule (ICM) levels as biomarkers for AIT success. Blood samples collected before starting AIT were analyzed for concentration of 92 different cytokines and 14 different ICMs. Traditional univariable statistical analysis was performed to evaluate differences between responders and non-responders. Furthermore, both unsupervised and supervised machine learning algorithms were used for multivariable analysis of differences between the responders and non-responders and to try to identify clusters within the subjects which could potentially be linked to endotypes of allergic rhinitis. Neither univariable nor multivariable analysis showed any significant correlations between AIT outcome and pre-treatment levels of cytokines or soluble ICM. In the cluster analysis, 4 clustering algorithms consistently grouped 48 of the 60 subjects into 3 distinct clusters. However, these clusters did not correlate with clinical characteristics, indicating that the clusters are unlikely to represent actual biological endotypes. The findings of this study did not provide evidence supporting the use of pre-treatment levels of cytokines and ICM as biomarkers for AIT outcome.",16,1,,,"Berge M, 2026, Sci Rep",[],,2045-2322,,,[],[],,,[],[]
PubMed,PMID:42151081,10.3760/cma.j.cn112338-20250901-00615,42151081,[Effects of indoor environmental pollutants on allergic diseases in children: a Meta-analysis].,ZHONGHUA LIU XING BING XUE ZA ZHI = ZHONGHUA LIUXINGBINGXUE ZAZHI,Zhonghua Liu Xing Bing Xue Za Zhi,2026,Journal Article;Meta-Analysis;English Abstract,chi,0,"['Xie WY', 'Chen GM', 'Ji JJ']","['Xie W Y', 'Chen G M', 'Ji J J']","['School of Public Health, Shenzhen University Medical School, Shenzhen 518055, China Division of Environmental Sanitation and School Health, Shenzhen Municipal Center for Disease Control and Prevention, Shenzhen 518055, China.', 'Division of Environmental Sanitation and School Health, Shenzhen Municipal Center for Disease Control and Prevention, Shenzhen 518055, China.', 'Division of Environmental Sanitation and School Health, Shenzhen Municipal Center for Disease Control and Prevention, Shenzhen 518055, China.']",,[],"['Humans', 'Air Pollution, Indoor', 'Child', 'Environmental Exposure', 'Hypersensitivity', 'Asthma', 'Child, Preschool', 'China', 'Infant', 'Particulate Matter']",[],"Objective: To evaluate the impact of indoor environmental pollution on childhood allergic diseases in recent years through Meta-analysis and explore the potential effects of pollution exposure on children's health. Methods: Literature published between January 2015 and March 2025 was retrieved from China National Knowledge Infrastructure, Wanfang Data Knowledge Service Platform, VIP Information Database, PubMed, and Web of Science. Additional studies were identified through reference tracing and manual supplementation. Studies meeting inclusion criteria were screened, and relevant data were extracted and analyzed. Results: A total of 36 studies from 9 countries were included, including 25 studies conducted in China. Most studies were cross-sectional ones (21), followed by cohort ones (8), case-control ones (4), and combined (cross-sectional and cohort) ones (3). Study participants were children aged 0-12 years. Indoor pollutants closely associated with allergic diseases included particulate matter, chemical pollutants, and biological pollutants. Meta-analysis results indicated that environmental tobacco exposure ( OR =1.51, 95% CI :1.16-1.98, P =0.003) significantly increased the risk for childhood asthma; the exposure to new furniture ( OR =1.44, 95% CI :1.13-1.83, P =0.003) was significantly associated with allergic rhinitis; the exposures to mold ( OR =2.81, 95% CI :2.25-3.51, P <0.001), cockroach ( OR =1.59, 95% CI :1.26-2.00, P <0.001), and damp or mouldy environmental surface ( OR =1.42, 95% CI :1.26-1.62, P <0.001) significantly increased asthma risk. The exposure sensitivity varied across the development stages of children, with high sensitivity in infancy and early childhood. Conclusion: Children can expose to indoor environmental pollutants through multiple routes, including inhalation and skin contact, in daily life, which might increase the risk for allergic diseases by inducing abnormal immune responses and pose a significant threat to children's health.",47,5,977,987,"Xie WY, 2026, Zhonghua Liu Xing Bing Xue Za Zhi",[],,0254-6450,,,[],[],,,[],[]
PubMed,PMID:42148383,10.1177/87551225261443880,42148383,Medication Adherence and Inhaler Use in Patients With Asthma Treated at a Specialized Tertiary Respiratory Hospital in Vietnam.,THE JOURNAL OF PHARMACY TECHNOLOGY : JPT : OFFICIAL PUBLICATION OF THE ASSOCIATION OF PHARMACY TECHNICIANS,J Pharm Technol,2026,Journal Article,eng,0,"['Ly KK', 'Truong HV', 'Vo LBT', 'Nguyen HT']","['Ly Khanh Kim', 'Truong Hoa Van', 'Vo Lien Bich Thi', 'Nguyen Huong-Thao']","['School of Pharmacy, University of Medicine and Pharmacy at Ho Chi Minh City, Vietnam.', 'School of Pharmacy, University of Medicine and Pharmacy at Ho Chi Minh City, Vietnam.', 'Department of Pharmacy, Pham Ngoc Thach Hospital, Ho Chi Minh City, Vietnam.', 'School of Pharmacy, University of Medicine and Pharmacy at Ho Chi Minh City, Vietnam.']",,[],[],"['GMAS', 'asthma', 'asthma control', 'inhaler use', 'medication adherence']","Background: Asthma is a common chronic respiratory disease, reducing the quality of life and increasing the mortality risk of patients. Medication adherence and proper inhaler technique play an important role in asthma control. Objective: To investigate medication adherence, inhaler use, asthma control level, and its related factors among asthma outpatients treated at a specialized tertiary respiratory hospital. Methods: A descriptive cross-sectional study was conducted on asthma outpatients treated at the specialized respiratory hospital (April 1, 2022-June 30, 2022). Medication adherence, inhaler use, and asthma control were assessed using the General Medication Adherence Scale, content-validated checklists, and the asthma control test. Data were analyzed using SPSS software, P value of < 0.05 was considered statistically significant. Results: There were 184 patients included (mean age 48.86 ± 13.28, females 53.8%). More than half of the patients had at least one comorbidity (mainly allergic rhinitis). All patients were prescribed inhaled corticosteroid (ICS) and long-acting beta agonist (LABA) as controller medications, and the most prescribed combination was ICS-LABA + leukotriene receptor antagonist (66.8%). The rates of patients with high medication adherence, proper inhaler technique, and good asthma control were 89.6%, 67.4%, and 75.0%, respectively. The higher medication adherence was associated with better asthma control (odds ratio = 4.584, 95% confidence interval 1.633-12.870, P = 0.004). Small sample size and single-center study may limit the generalizability of the results. Conclusions: Medication adherence was generally high, whereas inhaler technique errors remained common. Despite overall favorable asthma control, ongoing inhaler technique counseling and sustained medication adherence remain essential.",,,87551225261443880,,"Ly KK, 2026, J Pharm Technol",[],,8755-1225,,,[],[],,,[],[]
PubMed,PMID:42148147,10.3389/fimmu.2026.1793810,42148147,HDAC8 impairs tight junctions in allergic rhinitis through Smad7 deacetylation.,FRONTIERS IN IMMUNOLOGY,Front Immunol,2026,Journal Article,eng,0,"['Chang HH', 'Cao ZN', 'Dang PH', 'Wei M', 'Li Y', 'Zhang HP', 'Wang J']","['Chang Huan-Huan', 'Cao Zi-Ne', 'Dang Pan-Hong', 'Wei Miao', 'Li Yang', 'Zhang Hui-Ping', 'Wang Jie']","[""Department of Otolaryngology-Head and Neck Surgery, The Affiliated Children's Hospital of Xi'an Jiaotong University, Xi'an, Shaanxi, China."", ""Department of Otolaryngology-Head and Neck Surgery, The Affiliated Children's Hospital of Xi'an Jiaotong University, Xi'an, Shaanxi, China."", ""Department of Otolaryngology-Head and Neck Surgery, The Affiliated Children's Hospital of Xi'an Jiaotong University, Xi'an, Shaanxi, China."", ""Department of Otolaryngology-Head and Neck Surgery, The Affiliated Children's Hospital of Xi'an Jiaotong University, Xi'an, Shaanxi, China."", ""Department of Otolaryngology-Head and Neck Surgery, The Affiliated Children's Hospital of Xi'an Jiaotong University, Xi'an, Shaanxi, China."", ""Department of Otolaryngology-Head and Neck Surgery, The Affiliated Children's Hospital of Xi'an Jiaotong University, Xi'an, Shaanxi, China."", ""Department of Otolaryngology-Head and Neck Surgery, The Affiliated Children's Hospital of Xi'an Jiaotong University, Xi'an, Shaanxi, China.""]",,[],"['Animals', 'Rhinitis, Allergic', 'Humans', 'Mice', 'Acetylation', 'Tight Junctions', 'Histone Deacetylases', 'Smad7 Protein', 'Nasal Mucosa', 'Disease Models, Animal', 'Repressor Proteins', 'Male', 'Cytokines']","['HDAC inhibitors', 'Smad7 protein', 'acetylation', 'allergic rhinitis', 'epithelial barrier', 'histone deacetylase 8', 'nasal mucosa', 'tight junctions']","BACKGROUND: Allergic rhinitis (AR) involves Th2/Th17 immune dysregulation and nasal epithelial barrier dysfunction; however, the molecular mechanisms linking these processes remain unclear. OBJECTIVE: Here, we investigated whether histone deacetylase 8 (HDAC8) contributes to tight junction (TJ) disruption in AR by modulating Smad7 acetylation. METHODS: Primary human nasal epithelial cells and a house dust mite-induced AR mouse model were used in the study. HDAC8 was modulated via overexpression, siRNA knockdown, or pharmacological inhibition (PCI-34051). Smad7 function was assessed using wild-type and acetylation-mimetic (K64/70Q) mutants. Protein interactions and expression levels of HDAC8, Smad7, acetyl-Smad7, and TJ proteins (ZO-1, Occludin, Claudin-1) were analyzed by co-immunoprecipitation and western blot. Nasal pathology and serum cytokines were evaluated by histology and ELISA, respectively. RESULTS: In AR mouse models, HDAC8 expression was upregulated and showed enhanced binding to Smad7, accompanied by reduced Smad7 acetylation and decreased TJ protein expression. PCI-34051 treatment or HDAC8 knockdown restored Smad7 acetylation and TJ protein expression. Notably, the acetylation-mimetic Smad7 mutant rescued HDAC8-induced TJ disruption, suggesting that Smad7 acetylation status is involved in this effect. In vivo , PCI-34051 treatment improved nasal epithelial integrity and modulated Th1/Th2/Th17/Treg-associated cytokine profiles. CONCLUSION: These findings support that HDAC8-mediated reduction of Smad7 acetylation contributes to epithelial barrier dysfunction in AR, highlighting HDAC8 as a potential therapeutic target for restoring mucosal homeostasis.",17,,1793810,,"Chang HH, 2026, Front Immunol",[],,1664-3224,,,[],[],,,[],[]
PubMed,PMID:42145709,10.3389/fmed.2026.1834048,42145709,Three-year sublingual immunotherapy for HDM-induced allergic rhinoconjunctivitis: sustained ocular symptom improvement.,FRONTIERS IN MEDICINE,Front Med (Lausanne),2026,Journal Article,eng,0,"['Liu C', 'Jiang H', 'Long Y', 'Jiang F', 'Chen L']","['Liu Chenggang', 'Jiang Hong', 'Long Yu', 'Jiang Feng', 'Chen Lihong']","['Department of Ophthalmology, Yongchuan Hospital of Chongqing Medical University (The Fifth Clinical College of Chongqing Medical University), General Practice School of Chongqing Medical University, Chongqing, China.', 'Department of Otolaryngology Head and Neck Surgery, Yongchuan Hospital of Chongqing Medical University (The Fifth Clinical College of Chongqing Medical University), General Practice School of Chongqing Medical University, Chongqing, China.', 'Department of Otolaryngology Head and Neck Surgery, Yongchuan Hospital of Chongqing Medical University (The Fifth Clinical College of Chongqing Medical University), General Practice School of Chongqing Medical University, Chongqing, China.', 'Department of Otolaryngology Head and Neck Surgery, Yongchuan Hospital of Chongqing Medical University (The Fifth Clinical College of Chongqing Medical University), General Practice School of Chongqing Medical University, Chongqing, China.', 'Department of Otolaryngology Head and Neck Surgery, Yongchuan Hospital of Chongqing Medical University (The Fifth Clinical College of Chongqing Medical University), General Practice School of Chongqing Medical University, Chongqing, China.']",,[],[],"['allergic rhinoconjunctivitis', 'efficacy', 'house dust mite', 'sublingual immunotherapy', 'symptom improvement']","BACKGROUND: Allergic conjunctivitis (AC) frequently coexists with allergic rhinitis (AR), together known as allergic rhinoconjunctivitis (ARC), but ocular symptoms are often underemphasized in efficacy assessments using composite scores. Therefore, this study aimed to isolate and quantify the therapeutic effect of house dust mite sublingual immunotherapy (HDM-SLIT) on ocular symptoms, providing targeted evidence for managing AC in HDM-sensitized patients. METHODS: The complete clinical data of 150 patients with ARC aged 6-59 years who started HDM-SLIT for 3 years between March 2020 and May 2022 were retrospectively analyzed. The level of the total nasal symptom score (TNSS), total ocular symptom score (TOSS), total medication score (TMS), combined score of medication and rhinoconjunctivitis symptoms (CSMRS), the visual analog scale (VAS) score, and rhinoconjunctivitis quality of life questionnaire (RQLQ) were evaluated at baseline, 1, 2, and 3 years of treatment. Additionally, the occurrence of adverse events (AEs) was used to evaluate its safety. RESULTS: Compared with baseline, significant improvements in TNSS, TOSS, TMS, CSMRS, and VAS scores were observed after 1, 2, and 3 years of SLIT (all p < 0.001). Compared with 1-year results, TNSS, CSMRS, and VAS scores showed further improvements at 2 and 3 years (all p < 0.001). RQLQ scores improved significantly across all domains and age groups (6-11 years, 12-17 years, and ≥18 years groups) at all time points (all p < 0.001). Subgroup analysis revealed no significant difference in efficacy between the children and adult groups. Throughout the 3-year treatment period, no serious systemic AEs were reported. CONCLUSION: Three-year HDM-SLIT yields significant, sustained, and progressive improvements in clinical outcomes and quality of life in patients with ARC, along with significant improvements in ocular symptoms and a favorable safety profile.",13,,1834048,,"Liu C, 2026, Front Med (Lausanne)",[],,2296-858X,,,[],[],,,[],[]
